item_id,order_id,product_id,quantity,unit_price,discount_percent
1,O000001,P0090,3,963.41,38.85
2,O000001,P0189,3,742.61,43.17
3,O000002,P0211,2,713.58,54.15
4,O000002,P0065,2,841.73,35.29
5,O000002,P0214,4,465.98,45.23
6,O000003,P0167,4,668.72,13.31
7,O000003,P0112,5,715.46,56.84
8,O000003,P0238,5,552.72,76.4
9,O000003,P0158,4,221.38,14.13
10,O000004,P0154,5,905.63,95.57
11,O000005,P0173,1,556.18,15.67
12,O000005,P0222,4,188.51,44.3
13,O000005,P0342,2,180.62,98.36
14,O000005,P0329,5,407.86,78.19
15,O000006,P0240,2,253.24,73.85
16,O000006,P0478,4,765.76,53.06
17,O000007,P0044,1,31.25,92.02
18,O000008,P0161,3,932.25,35.67
19,O000009,P0034,2,369.31,90.92
20,O000009,P0229,5,480.34,70.36
21,O000010,P0288,3,168.21,88.06
22,O000010,P0273,2,911.13,40.97
23,O000010,P0241,5,702.86,28.12
24,O000011,P0076,1,910.09,9.71
25,O000011,P0196,1,478.08,47.69
26,O000012,P0419,5,368.76,44.09
27,O000013,P0497,4,496.85,67.18
28,O000013,P0044,3,887.63,6.89
29,O000014,P0202,5,917.6,11.1
30,O000014,P0165,2,299.43,79.28
31,O000015,P0410,3,499.8,62.19
32,O000016,P0130,2,200.1,28.02
33,O000016,P0013,5,494.71,90.58
34,O000016,P0359,1,313.57,44.89
35,O000016,P0140,4,752.5,75.98
36,O000017,P0017,1,139.34,97.82
37,O000017,P0294,-5,29.02,38.07
38,O000017,P0019,4,698.34,27.03
39,O000017,P0412,4,517.46,99.37
40,O000018,P0068,4,943.48,71.91
41,O000018,P0145,5,274.01,91.34
42,O000018,P0468,1,325.43,50.88
43,O000018,P0066,-1,808.16,10.7
44,O000019,P0079,2,576.19,23.69
45,O000020,P0007,-1,739.14,34.11
46,O000021,P0495,2,872.64,46.08
47,O000022,P0029,1,707.11,19.95
48,O000022,P0368,1,951.88,0.38
49,O000022,P0368,2,88.62,32.04
50,O000023,P0363,4,988.05,60.55
51,O000023,P0375,2,679.4,86.5
52,O000024,P0004,4,88.76,97.42
53,O000025,P0295,2,973.0,70.0
54,O000025,P0435,1,328.19,99.2
55,O000025,P0429,2,596.39,60.16
56,O000026,P0423,2,351.31,24.08
57,O000026,P0496,1,686.7,28.14
58,O000026,P0033,2,498.98,90.27
59,O000027,P0221,5,89.15,76.44
60,O000028,P0346,1,97.35,58.81
61,O000028,P0311,3,681.41,6.59
62,O000028,P0164,3,456.28,74.22
63,O000028,P0154,4,765.78,31.35
64,O000029,P0022,2,693.96,40.97
65,O000029,P0408,4,848.02,97.23
66,O000030,P0073,4,740.48,38.56
67,O000030,P0404,1,323.56,98.98
68,O000030,P0008,2,440.04,81.74
69,O000030,P0485,2,192.07,9.48
70,O000031,P0173,4,205.78,49.73
71,O000031,P0490,2,855.28,27.77
72,O000031,P0371,2,504.15,43.51
73,O000031,P0341,2,69.16,96.14
74,O000032,P0312,3,296.43,23.52
75,O000033,P0007,2,957.29,63.15
76,O000033,P0351,3,622.3,61.16
77,O000033,P0145,5,347.69,37.34
78,O000033,P0497,2,478.79,1.77
79,O000034,P0484,4,332.94,23.34
80,O000034,P0462,3,972.8,78.68
81,O000034,P0407,5,337.75,19.44
82,O000035,P0294,3,971.42,22.89
83,O000035,P0417,5,821.46,48.86
84,O000036,P0451,1,104.63,75.02
85,O000036,P0271,5,496.03,60.26
86,O000036,P0200,3,779.66,79.13
87,O000036,P0187,3,849.3,5.9
88,O000037,P0168,2,362.61,62.07
89,O000037,P0140,5,957.1,48.47
90,O000038,P0103,5,825.9,64.58
91,O000038,P0152,5,736.09,73.55
92,O000038,P0259,2,289.63,79.07
93,O000039,P0105,1,152.62,2.53
94,O000039,P0239,4,778.04,99.3
95,O000039,P0285,4,165.41,44.41
96,O000039,P0141,3,461.38,19.78
97,O000040,P0066,3,329.58,1.7
98,O000040,P0283,1,482.33,14.18
99,O000040,P0322,4,439.92,32.39
100,O000040,P0429,2,762.93,64.36
101,O000041,P0021,5,884.43,5.59
102,O000041,P0475,2,77.22,15.16
103,O000041,P0366,5,242.66,75.47
104,O000042,P0176,3,753.34,49.25
105,O000042,P0214,5,645.4,39.6
106,O000042,P0046,2,816.22,44.85
107,O000043,P0029,3,648.31,55.77
108,O000044,P0022,2,226.81,23.27
109,O000045,P0166,2,393.65,63.43
110,O000045,P0392,-4,296.74,2.35
111,O000046,P0103,5,593.77,20.88
112,O000046,P0179,5,704.81,58.16
113,O000046,P0425,3,172.54,21.28
114,O000046,P0322,-5,746.81,28.14
115,O000047,P0428,5,209.57,60.76
116,O000047,P0460,3,267.74,11.92
117,O000047,P0229,3,607.33,65.14
118,O000048,P0022,2,393.58,10.67
119,O000048,P0292,2,738.35,29.86
120,O000048,P0419,2,310.34,46.38
121,O000048,P0453,2,845.13,21.68
122,O000049,P0425,-3,189.11,33.39
123,O000050,P0235,4,984.39,60.18
124,O000050,P0246,2,565.22,28.53
125,O000050,P0055,2,885.57,85.27
126,O000050,P0006,5,947.32,93.02
127,O000051,P0291,4,961.6,9.72
128,O000051,P0098,3,971.23,74.18
129,O000051,P0214,3,657.09,29.75
130,O000052,P0135,1,462.36,93.22
131,O000053,P0382,1,952.9,79.28
132,O000053,P0058,4,95.23,23.48
133,O000054,P0289,-3,484.93,73.14
134,O000054,P0204,2,681.24,2.99
135,O000054,P0239,4,418.3,97.29
136,O000055,P0449,1,288.01,28.16
137,O000056,P0013,2,674.53,96.32
138,O000056,P0230,2,812.25,99.58
139,O000056,P0428,1,858.43,55.89
140,O000056,P0367,4,849.97,4.73
141,O000057,P0234,1,822.51,54.46
142,O000057,P0191,3,728.94,54.08
143,O000057,P0178,3,412.93,58.02
144,O000058,P0393,4,299.53,81.42
145,O000058,P0209,4,366.73,43.17
146,O000058,P0071,5,339.48,35.87
147,O000059,P0442,4,683.53,88.97
148,O000059,P0441,3,982.89,14.51
149,O000059,P0426,3,747.35,85.11
150,O000059,P0418,5,794.36,82.47
151,O000060,P0451,1,120.76,50.14
152,O000060,P0295,1,14.0,93.45
153,O000060,P0351,2,712.66,33.49
154,O000060,P0429,1,798.94,54.85
155,O000061,P0202,5,226.88,35.11
156,O000061,P0055,4,233.56,64.39
157,O000061,P0459,2,755.79,71.62
158,O000061,P0254,5,152.91,7.22
159,O000062,P0156,2,826.98,54.2
160,O000062,P0098,1,33.27,3.11
161,O000062,P0424,1,778.31,7.13
162,O000063,P0217,4,945.43,66.16
163,O000063,P0154,1,349.74,37.49
164,O000063,P0302,3,920.36,63.52
165,O000064,P0256,4,326.44,3.1
166,O000065,P0395,4,107.03,68.86
167,O000065,P0486,5,971.65,49.03
168,O000065,P0493,1,492.57,90.59
169,O000065,P0048,4,92.14,72.43
170,O000066,P0173,4,248.96,98.4
171,O000067,P0398,3,707.0,45.12
172,O000068,P0066,-1,597.49,67.52
173,O000068,P0228,1,78.41,18.12
174,O000068,P0199,3,803.29,53.57
175,O000068,P0061,1,701.23,49.11
176,O000069,P0021,3,297.38,33.14
177,O000069,P0496,1,839.0,19.91
178,O000069,P0199,4,777.98,80.68
179,O000069,P0023,2,309.25,22.34
180,O000070,P0414,2,703.77,91.17
181,O000070,P0068,1,742.95,94.67
182,O000070,P0255,-5,373.01,69.89
183,O000070,P0460,1,696.87,63.48
184,O000071,P0143,4,441.93,70.2
185,O000072,P0450,1,949.18,35.76
186,O000073,P0465,5,928.59,13.75
187,O000073,P0293,1,194.92,19.65
188,O000073,P0135,5,483.1,97.09
189,O000073,P0060,2,564.07,23.22
190,O000074,P0360,3,396.8,37.19
191,O000074,P0058,5,529.32,26.59
192,O000075,P0071,3,326.33,24.37
193,O000076,P0244,2,483.49,21.41
194,O000076,P0325,2,630.76,85.87
195,O000076,P0066,1,859.27,14.54
196,O000076,P0038,1,570.5,24.71
197,O000077,P0424,3,269.84,5.97
198,O000077,P0165,4,782.83,2.77
199,O000077,P0311,3,838.01,22.47
200,O000077,P0487,2,792.56,88.87
201,O000078,P0148,2,502.16,7.51
202,O000078,P0034,5,566.07,70.45
203,O000079,P0202,1,288.03,65.02
204,O000079,P0275,3,609.24,91.93
205,O000080,P0388,5,872.45,68.85
206,O000080,P0310,5,603.35,78.58
207,O000080,P0047,2,694.51,97.52
208,O000080,P0324,5,72.31,62.91
209,O000081,P0117,3,319.92,90.58
210,O000081,P0179,2,972.62,19.18
211,O000081,P0211,3,285.74,59.78
212,O000082,P0072,5,804.22,68.83
213,O000082,P0186,2,715.49,55.29
214,O000083,P0089,4,126.04,72.27
215,O000083,P0106,3,602.15,63.34
216,O000084,P0415,2,501.99,24.56
217,O000084,P0478,4,572.51,53.74
218,O000084,P0037,2,260.01,96.65
219,O000085,P0416,1,934.78,92.78
220,O000085,P0282,4,587.75,27.71
221,O000085,P0137,5,60.48,42.77
222,O000085,P0244,4,442.8,31.31
223,O000086,P0390,2,803.29,5.45
224,O000086,P0281,1,539.87,12.74
225,O000087,P0457,4,663.69,5.99
226,O000088,P0369,3,284.4,42.98
227,O000089,P0293,2,754.21,92.79
228,O000089,P0078,3,32.72,58.41
229,O000090,P0423,2,389.44,54.17
230,O000090,P0047,1,575.53,61.41
231,O000091,P0127,4,846.93,22.1
232,O000091,P0457,4,181.81,22.03
233,O000091,P0344,-1,315.41,57.96
234,O000092,P0052,4,848.81,40.85
235,O000092,P0379,4,889.24,85.06
236,O000092,P0392,-4,279.01,88.18
237,O000092,P0449,4,528.7,32.21
238,O000093,P0430,5,447.77,20.55
239,O000093,P0308,2,838.57,68.33
240,O000093,P0107,2,225.75,35.33
241,O000093,P0149,3,899.47,37.94
242,O000094,P0289,1,251.63,69.76
243,O000094,P0012,4,394.98,34.52
244,O000094,P0224,-4,726.94,90.92
245,O000094,P0179,1,236.27,36.66
246,O000095,P0113,4,855.11,64.5
247,O000095,P0101,5,847.44,97.92
248,O000095,P0118,3,99.07,91.58
249,O000096,P0026,5,257.89,52.53
250,O000097,P0073,4,859.92,27.85
251,O000097,P0160,2,174.96,6.68
252,O000097,P0294,1,658.08,78.43
253,O000098,P0483,3,429.03,16.79
254,O000098,P0101,1,606.61,7.7
255,O000099,P0092,3,538.61,77.91
256,O000100,P0478,2,194.94,78.69
257,O000100,P0393,3,279.61,81.33
258,O000100,P0030,5,399.87,16.7
259,O000101,P0124,2,863.07,83.43
260,O000101,P0237,5,253.33,17.51
261,O000101,P0083,1,643.73,75.45
262,O000101,P0070,1,10.57,46.08
263,O000102,P0372,4,409.86,52.51
264,O000102,P0311,5,581.7,83.76
265,O000102,P0269,4,937.5,16.69
266,O000102,P0019,4,214.82,59.98
267,O000103,P0463,3,418.29,37.59
268,O000103,P0250,-3,206.72,1.6
269,O000103,P0385,4,155.7,86.52
270,O000104,P0073,3,26.21,22.71
271,O000104,P0205,4,471.69,46.52
272,O000105,P0492,4,60.83,94.77
273,O000105,P0028,1,357.05,90.94
274,O000106,P0182,1,822.88,55.16
275,O000106,P0445,1,848.7,6.78
276,O000106,P0473,3,511.65,1.11
277,O000106,P0365,1,565.97,5.99
278,O000107,P0230,5,409.38,79.85
279,O000107,P0168,4,292.08,5.09
280,O000108,P0222,4,766.0,3.62
281,O000109,P0194,2,336.85,71.43
282,O000110,P0469,2,204.37,61.69
283,O000110,P0022,3,53.57,1.21
284,O000110,P0292,2,201.73,79.95
285,O000111,P0131,4,990.52,21.06
286,O000111,P0020,1,272.85,48.27
287,O000112,P0085,2,925.57,49.35
288,O000113,P0176,4,620.63,97.95
289,O000114,P0281,3,890.28,81.44
290,O000114,P0168,3,531.44,66.78
291,O000114,P0143,5,808.13,77.83
292,O000114,P0012,2,439.53,27.22
293,O000115,P0208,4,60.77,59.17
294,O000115,P0076,3,559.46,84.45
295,O000115,P0128,2,469.7,15.33
296,O000116,P0212,5,745.1,41.93
297,O000117,P0084,3,626.83,94.85
298,O000117,P0475,1,890.41,43.56
299,O000117,P0243,4,978.58,33.38
300,O000118,P0250,1,880.31,49.19
301,O000118,P0208,4,435.8,23.51
302,O000118,P0085,2,342.75,59.8
303,O000119,P0043,1,798.23,0.85
304,O000119,P0460,5,101.39,97.01
305,O000119,P0002,2,476.5,3.27
306,O000119,P0188,3,681.95,91.81
307,O000120,P0085,5,893.95,33.01
308,O000120,P0043,1,988.3,61.44
309,O000120,P0460,2,396.96,99.35
310,O000121,P0316,3,838.48,7.17
311,O000122,P0311,2,853.87,15.74
312,O000122,P0311,5,231.55,28.37
313,O000122,P0341,4,171.18,47.27
314,O000123,P0157,3,300.72,70.57
315,O000123,P0477,4,242.77,98.46
316,O000123,P0108,3,248.27,14.87
317,O000123,P0031,2,591.81,11.77
318,O000124,P0371,4,82.71,77.04
319,O000125,P0247,5,440.98,12.26
320,O000125,P0155,5,938.06,20.98
321,O000125,P0187,4,164.97,19.15
322,O000126,P0437,1,805.59,38.96
323,O000127,P0204,4,785.89,86.26
324,O000127,P0168,4,747.83,70.74
325,O000127,P0385,3,570.9,69.99
326,O000127,P0085,1,954.75,41.58
327,O000128,P0453,3,148.94,51.28
328,O000128,P0465,4,210.23,18.05
329,O000128,P0324,1,367.12,34.3
330,O000128,P0002,5,113.55,77.16
331,O000129,P0349,2,662.08,73.65
332,O000129,P0201,5,890.69,99.36
333,O000130,P0375,4,802.28,45.5
334,O000130,P0276,5,996.82,45.64
335,O000131,P0302,-3,630.77,79.18
336,O000131,P0214,4,929.76,91.41
337,O000131,P0473,5,322.03,59.09
338,O000132,P0334,3,853.64,81.67
339,O000132,P0136,5,14.24,22.92
340,O000132,P0231,2,246.59,0.23
341,O000132,P0411,1,805.25,53.53
342,O000133,P0488,1,735.42,76.68
343,O000133,P0340,3,60.68,98.89
344,O000133,P0283,2,294.68,11.59
345,O000133,P0200,2,565.15,32.86
346,O000134,P0041,1,335.49,24.56
347,O000134,P0067,-4,931.77,73.1
348,O000135,P0213,3,170.24,42.64
349,O000135,P0392,2,932.42,30.95
350,O000136,P0448,1,130.23,93.71
351,O000137,P0407,1,760.86,27.01
352,O000137,P0232,2,344.15,50.05
353,O000138,P0343,5,618.22,78.55
354,O000138,P0181,3,184.63,80.66
355,O000138,P0372,5,28.05,91.39
356,O000138,P0084,1,154.35,16.03
357,O000139,P0388,4,635.25,2.98
358,O000139,P0222,4,112.53,51.24
359,O000140,P0318,2,641.11,77.35
360,O000140,P0382,1,234.48,65.7
361,O000140,P0235,4,393.4,64.25
362,O000140,P0019,2,458.38,0.37
363,O000141,P0479,1,378.81,33.87
364,O000141,P0442,1,468.85,13.41
365,O000141,P0288,1,768.46,59.29
366,O000142,P0283,4,728.64,34.07
367,O000142,P0403,5,836.87,31.71
368,O000142,P0218,3,300.52,85.87
369,O000142,P0341,1,964.44,13.69
370,O000143,P0144,4,346.54,41.2
371,O000143,P0187,1,84.36,30.84
372,O000143,P0014,3,981.44,32.78
373,O000144,P0309,2,603.55,10.01
374,O000145,P0394,1,340.45,88.84
375,O000146,P0410,5,88.05,4.91
376,O000146,P0282,3,757.29,91.3
377,O000147,P0446,5,693.58,29.72
378,O000148,P0386,1,931.48,31.19
379,O000148,P0171,4,276.36,5.21
380,O000148,P0484,1,592.42,10.68
381,O000149,P0185,1,411.93,10.69
382,O000149,P0288,2,896.07,24.76
383,O000149,P0333,3,918.98,70.07
384,O000149,P0009,1,475.61,72.87
385,O000150,P0421,2,865.19,50.97
386,O000150,P0268,-4,876.32,57.67
387,O000151,P0031,4,435.43,61.33
388,O000151,P0271,4,299.78,13.62
389,O000152,P0128,5,620.22,88.96
390,O000152,P0310,4,502.7,97.78
391,O000152,P0383,4,260.41,12.82
392,O000152,P0298,2,128.78,67.1
393,O000153,P0128,1,747.43,73.13
394,O000153,P0112,4,283.78,11.26
395,O000154,P0425,2,699.26,41.34
396,O000155,P0076,2,727.07,78.56
397,O000155,P0211,3,384.94,51.89
398,O000155,P0104,3,859.18,14.59
399,O000156,P0341,3,859.53,66.23
400,O000156,P0141,4,443.08,25.21
401,O000156,P0032,4,783.58,83.37
402,O000156,P0105,4,419.27,88.13
403,O000157,P0219,3,771.36,47.32
404,O000157,P0233,5,354.36,64.43
405,O000158,P0142,2,841.07,96.35
406,O000158,P0113,3,443.75,13.35
407,O000158,P0197,2,226.68,94.85
408,O000158,P0075,5,118.73,72.12
409,O000159,P0338,1,521.32,31.02
410,O000159,P0291,-4,957.58,10.71
411,O000159,P0126,3,760.16,66.84
412,O000160,P0002,4,157.61,1.96
413,O000160,P0175,5,11.45,19.34
414,O000161,P0218,3,258.66,80.46
415,O000162,P0492,4,605.56,56.4
416,O000162,P0320,1,204.31,24.49
417,O000163,P0389,3,248.76,33.34
418,O000164,P0009,4,692.83,10.32
419,O000164,P0444,2,53.44,46.71
420,O000165,P0500,1,553.08,71.84
421,O000166,P0050,2,46.25,1.17
422,O000166,P0144,5,646.59,88.98
423,O000167,P0122,1,615.66,9.35
424,O000167,P0275,3,748.95,93.83
425,O000168,P0142,1,545.66,65.73
426,O000168,P0251,1,818.89,21.64
427,O000169,P0258,3,587.05,92.48
428,O000169,P0357,-3,355.47,35.69
429,O000169,P0085,4,36.63,9.75
430,O000169,P0141,-5,200.62,82.23
431,O000170,P0101,1,829.0,19.76
432,O000170,P0339,3,454.97,61.86
433,O000171,P0371,1,212.12,62.71
434,O000172,P0033,4,835.28,15.91
435,O000172,P0192,-4,44.78,17.51
436,O000172,P0392,4,165.96,7.32
437,O000173,P0359,1,814.47,26.61
438,O000173,P0453,5,680.37,95.0
439,O000173,P0470,5,589.76,33.0
440,O000173,P0305,4,537.52,56.73
441,O000174,P0429,4,796.77,27.92
442,O000174,P0475,3,736.08,77.18
443,O000174,P0152,1,381.77,53.54
444,O000174,P0060,1,798.64,12.68
445,O000175,P0274,2,950.07,11.32
446,O000176,P0298,4,715.32,81.67
447,O000176,P0276,1,877.04,79.89
448,O000176,P0261,2,859.72,54.37
449,O000176,P0283,1,92.73,52.51
450,O000177,P0282,3,144.82,17.83
451,O000178,P0106,4,148.32,79.0
452,O000178,P0320,1,447.92,42.21
453,O000178,P0390,5,328.62,16.46
454,O000178,P0173,3,39.66,76.55
455,O000179,P0371,1,40.04,32.25
456,O000180,P0247,1,953.56,9.83
457,O000181,P0384,1,968.96,2.58
458,O000181,P0161,2,385.25,11.52
459,O000181,P0386,5,299.22,15.93
460,O000182,P0277,5,482.01,49.11
461,O000182,P0423,1,765.6,50.14
462,O000183,P0021,3,512.07,46.73
463,O000184,P0339,5,268.67,24.56
464,O000185,P0371,3,520.73,53.0
465,O000185,P0063,4,243.44,14.93
466,O000185,P0165,3,375.87,4.9
467,O000186,P0193,2,732.3,55.25
468,O000186,P0028,1,412.66,24.04
469,O000186,P0286,5,465.42,35.51
470,O000187,P0488,5,939.21,92.46
471,O000188,P0138,2,803.97,92.81
472,O000188,P0271,4,133.02,55.58
473,O000189,P0133,3,962.53,64.38
474,O000190,P0128,4,520.51,37.81
475,O000190,P0033,2,405.71,24.22
476,O000190,P0205,1,622.88,29.52
477,O000190,P0331,2,672.8,73.06
478,O000191,P0125,3,880.65,75.65
479,O000191,P0372,2,846.59,43.09
480,O000191,P0399,1,259.33,46.2
481,O000191,P0150,1,946.0,63.16
482,O000192,P0192,3,760.08,86.63
483,O000192,P0404,1,236.79,67.58
484,O000193,P0151,5,199.76,86.55
485,O000193,P0241,1,383.5,41.12
486,O000193,P0263,3,579.95,81.47
487,O000194,P0189,2,249.03,69.74
488,O000195,P0498,3,142.91,61.01
489,O000195,P0175,1,47.17,68.68
490,O000196,P0470,3,223.97,96.97
491,O000197,P0132,2,591.25,88.35
492,O000197,P0114,1,808.64,80.59
493,O000197,P0308,1,460.2,46.65
494,O000198,P0500,5,206.63,59.33
495,O000199,P0208,4,647.59,99.94
496,O000199,P0438,1,44.41,7.68
497,O000200,P0255,5,760.81,32.74
498,O000201,P0257,1,859.79,77.89
499,O000201,P0006,5,912.4,20.87
500,O000201,P0016,1,590.23,33.46
501,O000201,P0066,4,839.22,52.39
502,O000202,P0171,2,477.55,70.28
503,O000203,P0306,3,128.5,72.48
504,O000203,P0452,4,624.85,21.37
505,O000203,P0178,3,142.59,5.79
506,O000204,P0064,5,872.13,63.93
507,O000204,P0277,5,299.32,23.13
508,O000204,P0430,5,36.11,13.93
509,O000205,P0371,2,166.1,21.56
510,O000205,P0038,5,247.74,27.5
511,O000205,P0048,3,262.6,3.65
512,O000205,P0275,3,413.18,74.71
513,O000206,P0173,1,245.27,93.56
514,O000206,P0405,4,746.32,51.93
515,O000206,P0066,1,432.25,84.65
516,O000207,P0029,2,525.05,20.32
517,O000208,P0046,4,819.99,76.27
518,O000208,P0234,4,81.95,94.03
519,O000208,P0090,2,769.92,25.4
520,O000208,P0419,3,435.5,55.03
521,O000209,P0321,5,848.96,42.45
522,O000209,P0074,5,624.97,98.39
523,O000209,P0494,3,49.94,24.21
524,O000209,P0271,-5,985.3,78.02
525,O000210,P0442,3,670.44,55.03
526,O000210,P0024,5,219.84,64.51
527,O000210,P0028,5,111.45,37.06
528,O000211,P0260,5,374.56,56.45
529,O000212,P0094,3,935.61,71.47
530,O000213,P0085,3,408.83,59.79
531,O000213,P0321,5,426.53,62.45
532,O000213,P0337,4,303.45,55.27
533,O000213,P0382,5,732.46,67.83
534,O000214,P0152,1,153.73,78.35
535,O000214,P0488,5,573.07,14.69
536,O000214,P0011,5,774.58,88.73
537,O000214,P0500,5,858.27,95.33
538,O000215,P0400,1,809.01,22.3
539,O000215,P0221,2,410.17,55.98
540,O000216,P0012,4,990.12,47.3
541,O000217,P0214,1,972.62,3.05
542,O000217,P0111,4,316.41,94.3
543,O000217,P0113,2,332.52,66.25
544,O000217,P0461,3,950.56,13.85
545,O000218,P0460,3,351.24,40.75
546,O000219,P0290,2,613.91,34.13
547,O000220,P0184,4,549.06,14.66
548,O000220,P0282,3,388.61,37.83
549,O000221,P0111,1,24.78,48.19
550,O000221,P0426,4,688.81,14.57
551,O000221,P0161,2,575.79,98.05
552,O000221,P0099,1,779.45,39.87
553,O000222,P0396,2,317.64,50.9
554,O000222,P0427,1,959.63,47.84
555,O000223,P0437,-1,518.76,60.04
556,O000223,P0029,4,125.62,97.97
557,O000224,P0042,5,671.63,81.43
558,O000224,P0422,3,855.91,4.79
559,O000224,P0029,1,615.95,27.92
560,O000224,P0038,3,859.26,32.14
561,O000225,P0442,4,633.24,19.59
562,O000225,P0329,5,417.02,14.36
563,O000225,P0144,3,277.42,89.57
564,O000225,P0145,4,396.83,5.82
565,O000226,P0391,2,864.39,67.14
566,O000226,P0010,5,559.91,9.21
567,O000226,P0423,4,479.4,38.45
568,O000226,P0290,1,702.29,60.18
569,O000227,P0269,1,677.89,26.28
570,O000227,P0233,2,239.79,93.72
571,O000227,P0477,3,179.54,34.47
572,O000228,P0475,1,88.36,1.06
573,O000228,P0041,2,606.9,0.05
574,O000228,P0217,1,245.59,51.33
575,O000228,P0254,3,550.65,97.64
576,O000229,P0230,1,83.59,66.79
577,O000229,P0304,3,58.69,96.12
578,O000229,P0073,5,865.48,29.4
579,O000229,P0049,1,436.85,28.48
580,O000230,P0350,2,257.62,10.16
581,O000231,P0073,5,905.99,74.09
582,O000231,P0088,4,916.02,7.52
583,O000231,P0450,2,496.66,82.06
584,O000231,P0053,5,631.98,26.11
585,O000232,P0175,2,737.2,49.13
586,O000232,P0389,5,431.76,82.63
587,O000232,P0059,5,849.6,17.72
588,O000232,P0174,3,236.62,75.03
589,O000233,P0302,4,549.15,63.67
590,O000234,P0359,1,70.48,86.09
591,O000234,P0208,4,523.09,80.76
592,O000234,P0002,1,382.36,14.36
593,O000234,P0323,2,355.81,67.39
594,O000235,P0338,4,372.38,77.73
595,O000236,P0208,1,573.74,73.25
596,O000236,P0480,5,182.47,98.17
597,O000236,P0204,2,969.23,75.5
598,O000236,P0274,1,774.85,26.85
599,O000237,P0148,5,785.52,86.81
600,O000237,P0471,2,47.41,33.09
601,O000237,P0355,1,732.34,66.23
602,O000237,P0369,5,602.24,69.14
603,O000238,P0311,2,344.34,73.54
604,O000238,P0034,5,650.8,28.36
605,O000238,P0260,4,463.31,81.03
606,O000239,P0473,4,187.25,89.52
607,O000240,P0101,4,543.88,97.21
608,O000240,P0316,-2,457.49,38.04
609,O000240,P0033,1,722.21,66.37
610,O000240,P0273,4,497.55,54.2
611,O000241,P0433,5,162.38,83.41
612,O000241,P0101,3,498.97,74.98
613,O000241,P0269,5,10.65,64.35
614,O000241,P0357,2,276.63,2.99
615,O000242,P0318,4,338.56,45.66
616,O000242,P0064,1,176.24,89.98
617,O000242,P0176,2,853.96,26.83
618,O000243,P0304,5,400.13,14.04
619,O000243,P0327,5,254.16,95.16
620,O000244,P0114,4,867.63,19.46
621,O000244,P0175,5,410.85,26.07
622,O000244,P0390,3,344.51,98.94
623,O000245,P0176,2,395.19,96.86
624,O000245,P0302,2,229.44,69.46
625,O000245,P0401,3,689.57,10.22
626,O000245,P0364,5,397.31,36.58
627,O000246,P0198,5,950.08,55.87
628,O000246,P0388,1,492.89,68.01
629,O000246,P0100,3,313.55,62.32
630,O000246,P0039,5,927.06,11.32
631,O000247,P0025,5,207.16,83.3
632,O000247,P0138,3,795.52,8.6
633,O000247,P0158,3,97.33,29.36
634,O000247,P0168,1,210.27,21.66
635,O000248,P0110,3,819.36,47.59
636,O000248,P0409,5,431.99,85.16
637,O000249,P0137,1,953.2,14.97
638,O000250,P0406,3,96.27,77.63
639,O000251,P0271,4,948.5,12.2
640,O000251,P0288,5,69.54,73.25
641,O000252,P0185,-4,138.48,84.47
642,O000252,P0393,5,354.83,16.28
643,O000253,P0468,3,811.3,42.82
644,O000253,P0443,1,775.2,50.64
645,O000254,P0153,5,863.97,13.82
646,O000254,P0380,3,894.24,27.96
647,O000254,P0217,3,964.89,79.66
648,O000254,P0431,3,617.51,17.78
649,O000255,P0467,3,127.47,8.3
650,O000255,P0014,4,144.76,85.1
651,O000256,P0158,1,378.78,22.96
652,O000257,P0068,1,646.22,82.58
653,O000257,P0445,1,324.2,20.83
654,O000258,P0268,3,212.05,63.3
655,O000258,P0350,5,109.37,30.33
656,O000258,P0197,5,391.97,62.0
657,O000259,P0436,2,693.46,93.67
658,O000259,P0327,4,790.94,71.94
659,O000259,P0077,3,749.43,12.97
660,O000259,P0361,5,176.03,36.88
661,O000260,P0413,1,815.43,70.76
662,O000260,P0098,1,837.98,12.63
663,O000261,P0320,1,101.68,37.72
664,O000261,P0267,1,252.3,26.24
665,O000262,P0238,2,351.56,53.25
666,O000262,P0362,4,96.22,45.6
667,O000263,P0165,3,267.74,97.33
668,O000263,P0248,5,144.31,15.48
669,O000264,P0047,3,515.82,77.55
670,O000265,P0284,4,248.68,10.22
671,O000265,P0094,1,721.11,96.04
672,O000265,P0235,4,690.61,19.83
673,O000265,P0336,2,586.73,18.61
674,O000266,P0080,3,580.88,56.69
675,O000267,P0490,4,109.8,42.71
676,O000267,P0300,3,84.61,30.32
677,O000268,P0167,2,656.79,70.25
678,O000268,P0439,2,895.58,20.32
679,O000269,P0251,3,727.54,46.3
680,O000269,P0414,4,399.15,24.71
681,O000269,P0134,1,866.78,57.76
682,O000270,P0060,5,188.66,44.68
683,O000270,P0096,5,575.33,44.01
684,O000270,P0127,2,670.05,59.59
685,O000270,P0369,5,121.39,49.03
686,O000271,P0286,2,946.35,51.89
687,O000271,P0416,2,678.47,97.21
688,O000271,P0204,2,731.91,72.61
689,O000272,P0020,5,884.54,26.53
690,O000273,P0352,5,885.98,51.86
691,O000273,P0225,5,355.82,21.06
692,O000273,P0183,3,192.81,63.74
693,O000273,P0409,4,839.48,75.06
694,O000274,P0155,-2,243.92,38.79
695,O000275,P0294,5,327.53,46.02
696,O000276,P0447,2,730.68,89.85
697,O000276,P0077,-1,646.48,16.75
698,O000276,P0340,5,33.79,30.28
699,O000277,P0377,3,516.27,5.67
700,O000277,P0296,2,421.43,47.01
701,O000277,P0256,2,102.0,96.74
702,O000277,P0325,2,159.42,15.18
703,O000278,P0352,2,924.75,96.01
704,O000278,P0339,4,148.24,11.52
705,O000279,P0207,1,113.46,91.33
706,O000280,P0017,1,452.03,72.3
707,O000281,P0319,2,749.31,21.41
708,O000281,P0221,3,386.48,20.84
709,O000281,P0234,1,654.12,66.51
710,O000281,P0054,3,158.14,78.5
711,O000282,P0012,1,791.94,68.3
712,O000282,P0173,5,861.25,57.64
713,O000283,P0147,2,381.82,1.71
714,O000283,P0434,5,373.06,96.77
715,O000283,P0034,4,812.36,73.6
716,O000284,P0292,2,600.24,12.82
717,O000285,P0118,1,969.2,11.87
718,O000285,P0479,3,365.43,32.66
719,O000285,P0391,3,924.78,21.2
720,O000285,P0039,1,889.22,77.85
721,O000286,P0477,2,63.28,12.31
722,O000287,P0254,4,285.15,16.64
723,O000287,P0369,5,724.33,8.54
724,O000288,P0117,-5,138.69,86.0
725,O000288,P0462,5,115.97,31.94
726,O000288,P0351,2,635.42,0.76
727,O000288,P0031,3,133.45,61.61
728,O000289,P0394,4,643.44,36.86
729,O000289,P0190,3,448.38,67.71
730,O000289,P0218,3,845.07,94.58
731,O000289,P0055,3,145.49,81.01
732,O000290,P0023,-4,559.39,76.92
733,O000290,P0107,5,36.38,91.15
734,O000290,P0052,4,454.83,27.62
735,O000290,P0217,1,521.12,54.44
736,O000291,P0076,3,596.82,86.84
737,O000292,P0238,3,93.59,50.84
738,O000293,P0028,4,467.33,22.92
739,O000293,P0417,1,871.53,36.11
740,O000293,P0252,5,307.23,80.1
741,O000293,P0101,2,34.54,56.51
742,O000294,P0271,3,679.6,44.68
743,O000294,P0255,4,39.39,12.05
744,O000295,P0344,3,805.62,77.7
745,O000296,P0471,2,939.35,92.2
746,O000296,P0224,4,824.96,7.89
747,O000296,P0124,5,832.39,69.95
748,O000296,P0030,-4,980.02,40.3
749,O000297,P0170,1,630.57,2.49
750,O000297,P0026,1,452.46,48.57
751,O000297,P0130,4,46.98,74.9
752,O000297,P0279,3,770.59,55.2
753,O000298,P0128,-5,671.03,70.77
754,O000298,P0022,3,262.97,60.88
755,O000298,P0153,1,650.12,59.79
756,O000299,P0271,4,989.8,63.89
757,O000299,P0303,1,444.63,12.03
758,O000299,P0285,4,752.41,10.21
759,O000299,P0077,4,224.12,28.67
760,O000300,P0137,4,255.76,83.09
761,O000301,P0378,4,692.0,51.54
762,O000301,P0299,5,572.78,11.39
763,O000301,P0008,5,76.33,82.25
764,O000302,P0435,2,988.16,66.03
765,O000302,P0027,1,520.42,81.98
766,O000302,P0055,5,98.13,5.49
767,O000303,P0339,1,631.49,9.51
768,O000303,P0410,5,92.85,36.94
769,O000304,P0043,2,976.25,96.25
770,O000304,P0301,5,964.94,92.78
771,O000304,P0421,5,852.89,97.05
772,O000304,P0156,4,539.75,16.07
773,O000305,P0453,4,362.49,51.31
774,O000306,P0498,5,511.78,43.77
775,O000306,P0032,1,813.75,25.95
776,O000307,P0243,4,669.92,82.88
777,O000308,P0044,2,306.56,40.32
778,O000308,P0262,1,892.08,67.43
779,O000309,P0217,2,564.09,50.47
780,O000309,P0201,4,582.81,99.9
781,O000309,P0026,4,274.46,58.88
782,O000310,P0405,1,97.55,58.1
783,O000310,P0023,1,499.41,55.18
784,O000311,P0346,2,894.83,69.09
785,O000311,P0371,5,383.61,10.7
786,O000312,P0413,5,662.04,64.12
787,O000312,P0024,2,885.92,92.62
788,O000312,P0193,3,389.89,24.87
789,O000312,P0220,3,35.36,45.31
790,O000313,P0006,2,161.42,33.8
791,O000313,P0478,4,362.02,76.0
792,O000313,P0280,4,133.81,50.25
793,O000314,P0273,3,699.72,22.8
794,O000314,P0071,1,985.16,39.52
795,O000315,P0295,5,77.47,2.21
796,O000315,P0038,1,222.31,82.97
797,O000316,P0308,3,643.7,16.32
798,O000316,P0056,2,240.32,47.51
799,O000317,P0128,1,53.35,25.45
800,O000317,P0206,5,339.13,83.01
801,O000317,P0185,1,907.36,27.84
802,O000317,P0135,3,133.32,9.74
803,O000318,P0357,1,296.26,2.83
804,O000318,P0433,5,72.55,75.56
805,O000318,P0477,4,750.05,77.24
806,O000319,P0294,3,755.48,63.05
807,O000319,P0465,5,732.19,86.63
808,O000320,P0140,5,88.82,27.09
809,O000320,P0054,5,789.4,83.97
810,O000320,P0202,5,630.32,94.72
811,O000320,P0340,5,543.02,80.48
812,O000321,P0317,5,554.06,31.16
813,O000321,P0160,5,691.8,86.67
814,O000322,P0161,3,805.54,4.93
815,O000322,P0370,1,603.12,18.06
816,O000322,P0127,4,700.02,38.15
817,O000323,P0243,3,87.82,68.28
818,O000324,P0276,2,755.18,55.52
819,O000325,P0128,2,416.68,70.94
820,O000325,P0297,2,267.31,37.24
821,O000325,P0004,1,58.66,59.41
822,O000325,P0070,5,305.73,97.13
823,O000326,P0472,2,382.57,37.5
824,O000326,P0380,3,862.95,61.34
825,O000326,P0026,4,333.61,43.58
826,O000327,P0477,1,317.63,42.36
827,O000327,P0227,3,346.52,89.25
828,O000328,P0494,3,228.53,78.13
829,O000328,P0067,-5,250.09,78.22
830,O000328,P0449,3,387.45,13.08
831,O000328,P0173,2,703.59,5.42
832,O000329,P0178,3,236.61,5.37
833,O000329,P0096,4,127.23,15.22
834,O000329,P0409,2,457.41,96.43
835,O000329,P0243,4,317.51,13.43
836,O000330,P0015,5,112.62,17.69
837,O000330,P0467,1,972.69,50.34
838,O000330,P0265,3,643.02,99.34
839,O000331,P0243,-5,592.92,98.2
840,O000332,P0066,4,203.92,7.91
841,O000332,P0483,5,364.78,93.07
842,O000332,P0140,1,451.65,99.42
843,O000332,P0437,4,172.47,81.2
844,O000333,P0471,2,172.98,20.39
845,O000334,P0453,2,483.93,22.8
846,O000334,P0374,3,392.01,75.26
847,O000334,P0180,1,973.97,63.56
848,O000335,P0090,3,316.67,12.34
849,O000335,P0120,5,508.43,87.86
850,O000335,P0487,3,275.67,3.14
851,O000336,P0189,3,292.35,46.72
852,O000336,P0433,2,881.25,11.14
853,O000336,P0366,2,984.88,28.55
854,O000336,P0378,5,733.66,49.13
855,O000337,P0397,4,404.16,20.63
856,O000338,P0016,2,199.71,83.26
857,O000338,P0087,5,821.45,89.77
858,O000338,P0336,3,547.47,80.12
859,O000339,P0493,5,254.47,4.17
860,O000340,P0312,2,994.39,97.89
861,O000340,P0258,3,831.45,26.68
862,O000340,P0118,2,882.29,1.18
863,O000341,P0447,5,402.38,47.42
864,O000342,P0432,5,430.73,98.89
865,O000342,P0470,3,673.33,35.95
866,O000342,P0423,3,536.42,81.94
867,O000343,P0318,1,225.27,70.46
868,O000343,P0329,5,689.38,75.57
869,O000343,P0306,3,132.1,53.66
870,O000344,P0412,5,625.88,57.93
871,O000344,P0398,5,163.45,88.67
872,O000344,P0162,5,486.43,70.31
873,O000345,P0231,1,684.21,25.38
874,O000345,P0046,2,863.23,98.65
875,O000345,P0196,5,713.37,17.5
876,O000345,P0426,2,561.18,22.64
877,O000346,P0122,2,572.33,10.32
878,O000346,P0338,1,554.21,3.01
879,O000346,P0291,2,217.99,17.24
880,O000346,P0365,5,582.29,92.41
881,O000347,P0418,2,125.8,18.51
882,O000347,P0009,2,72.4,52.2
883,O000348,P0024,4,910.94,50.79
884,O000348,P0286,5,920.35,67.67
885,O000348,P0281,4,92.78,29.55
886,O000348,P0048,3,295.88,91.73
887,O000349,P0164,5,653.38,64.12
888,O000349,P0387,1,56.89,48.26
889,O000350,P0100,5,321.71,40.87
890,O000350,P0347,5,792.2,3.49
891,O000350,P0009,2,462.47,75.16
892,O000350,P0419,-2,817.42,94.35
893,O000351,P0170,4,29.35,68.9
894,O000351,P0460,4,671.76,42.21
895,O000351,P0464,1,650.83,91.61
896,O000351,P0363,3,99.39,84.07
897,O000352,P0229,-3,546.24,10.06
898,O000352,P0470,5,595.57,77.24
899,O000353,P0008,1,373.61,56.17
900,O000353,P0281,2,210.28,55.4
901,O000353,P0291,4,568.96,40.53
902,O000353,P0402,4,25.27,23.41
903,O000354,P0460,5,638.93,11.83
904,O000354,P0339,5,644.43,78.16
905,O000354,P0190,1,804.82,42.88
906,O000354,P0040,3,573.66,89.68
907,O000355,P0012,5,943.84,13.27
908,O000356,P0324,4,526.76,55.91
909,O000356,P0155,2,978.0,55.33
910,O000356,P0460,1,575.92,93.45
911,O000357,P0262,4,321.21,95.73
912,O000358,P0362,4,99.31,74.8
913,O000358,P0309,4,193.03,7.46
914,O000358,P0428,5,648.53,14.47
915,O000358,P0304,1,408.78,13.78
916,O000359,P0309,2,943.59,33.43
917,O000359,P0028,5,813.05,88.16
918,O000359,P0188,3,273.74,13.19
919,O000360,P0427,3,836.66,31.9
920,O000360,P0433,5,582.2,12.63
921,O000360,P0001,3,713.2,1.81
922,O000361,P0113,1,926.09,89.85
923,O000362,P0236,3,179.96,82.73
924,O000362,P0241,3,991.96,50.31
925,O000362,P0455,5,723.91,78.75
926,O000362,P0249,1,524.97,94.53
927,O000363,P0368,2,458.1,9.01
928,O000363,P0483,4,934.62,92.42
929,O000364,P0031,1,788.44,94.3
930,O000364,P0295,1,378.08,0.1
931,O000364,P0454,2,809.19,98.11
932,O000365,P0042,3,750.06,4.36
933,O000366,P0442,2,796.01,5.32
934,O000366,P0023,5,42.5,7.09
935,O000366,P0349,4,24.56,95.7
936,O000367,P0294,1,787.36,56.18
937,O000367,P0117,3,812.62,14.08
938,O000367,P0212,5,597.17,57.31
939,O000368,P0132,3,286.24,47.22
940,O000368,P0376,1,97.21,62.44
941,O000368,P0243,5,210.16,31.09
942,O000368,P0462,5,772.81,77.34
943,O000369,P0079,3,358.28,56.15
944,O000370,P0036,2,473.59,29.68
945,O000370,P0269,3,766.3,82.39
946,O000370,P0078,3,426.47,6.05
947,O000370,P0223,3,48.53,42.93
948,O000371,P0368,5,996.49,89.1
949,O000371,P0281,5,310.6,17.69
950,O000372,P0409,4,908.68,96.9
951,O000372,P0071,3,544.79,33.08
952,O000373,P0475,4,283.93,5.01
953,O000374,P0181,4,89.26,96.09
954,O000374,P0094,2,731.89,0.97
955,O000374,P0171,1,903.29,32.46
956,O000375,P0159,4,733.31,66.61
957,O000376,P0043,2,996.81,46.27
958,O000377,P0352,1,28.91,32.85
959,O000377,P0228,3,685.16,5.4
960,O000377,P0013,2,412.06,62.1
961,O000377,P0471,2,932.85,69.86
962,O000378,P0458,2,91.87,13.52
963,O000379,P0461,3,570.23,87.19
964,O000379,P0441,-1,423.5,81.25
965,O000379,P0057,1,343.89,86.28
966,O000379,P0178,2,966.95,65.47
967,O000380,P0317,4,346.39,43.81
968,O000380,P0253,1,108.89,44.29
969,O000380,P0238,2,599.01,4.95
970,O000381,P0330,5,37.77,23.06
971,O000381,P0202,1,294.97,67.75
972,O000381,P0396,2,724.15,20.33
973,O000382,P0065,1,938.31,87.83
974,O000383,P0358,1,972.58,28.42
975,O000383,P0321,1,617.3,9.38
976,O000383,P0173,2,881.7,61.66
977,O000383,P0184,2,352.65,75.0
978,O000384,P0024,5,367.73,7.07
979,O000384,P0250,1,573.7,57.76
980,O000384,P0220,1,943.48,90.88
981,O000385,P0368,1,444.84,26.28
982,O000386,P0356,4,683.42,71.67
983,O000386,P0292,2,849.8,30.68
984,O000387,P0202,-2,495.87,37.7
985,O000387,P0005,2,225.79,63.29
986,O000387,P0109,1,985.51,31.31
987,O000388,P0055,4,464.78,25.48
988,O000388,P0096,5,664.88,57.27
989,O000389,P0158,2,337.72,9.52
990,O000389,P0017,1,575.6,64.32
991,O000390,P0003,1,640.83,95.91
992,O000390,P0262,5,260.74,1.39
993,O000390,P0202,1,449.63,79.46
994,O000390,P0145,5,897.42,33.45
995,O000391,P0289,3,560.92,98.2
996,O000391,P0290,4,862.1,8.77
997,O000391,P0395,5,429.26,16.75
998,O000391,P0432,1,247.87,67.1
999,O000392,P0073,1,463.0,35.37
1000,O000392,P0237,2,983.47,88.99
1001,O000393,P0059,1,99.93,34.43
1002,O000393,P0385,2,555.22,18.09
1003,O000394,P0408,2,611.91,66.03
1004,O000394,P0467,1,529.19,12.45
1005,O000394,P0371,5,14.23,36.6
1006,O000394,P0396,1,120.94,43.65
1007,O000395,P0042,3,733.03,88.07
1008,O000395,P0354,5,973.08,16.75
1009,O000395,P0265,1,54.01,5.03
1010,O000396,P0392,2,810.21,60.39
1011,O000396,P0193,2,612.57,15.46
1012,O000396,P0089,5,805.67,27.61
1013,O000397,P0264,1,146.72,72.24
1014,O000397,P0028,4,185.86,21.38
1015,O000397,P0321,3,927.36,97.94
1016,O000398,P0046,2,284.65,48.73
1017,O000398,P0375,3,140.36,74.93
1018,O000399,P0489,1,956.99,57.73
1019,O000400,P0377,1,631.03,1.3
1020,O000400,P0026,1,284.23,71.44
1021,O000401,P0067,2,719.77,49.8
1022,O000401,P0053,2,251.26,71.79
1023,O000402,P0214,2,342.11,4.7
1024,O000403,P0350,4,984.52,5.74
1025,O000403,P0425,5,445.57,45.96
1026,O000403,P0050,4,614.99,22.42
1027,O000404,P0307,1,98.76,68.26
1028,O000405,P0443,4,612.04,86.06
1029,O000406,P0272,5,225.99,94.41
1030,O000406,P0432,1,965.71,54.12
1031,O000407,P0201,1,170.58,56.75
1032,O000407,P0215,2,491.98,50.11
1033,O000407,P0454,3,374.89,84.12
1034,O000408,P0450,4,892.02,38.32
1035,O000408,P0044,4,574.62,80.42
1036,O000408,P0156,3,585.4,77.88
1037,O000408,P0019,3,446.57,43.15
1038,O000409,P0097,3,720.11,56.76
1039,O000409,P0332,-3,608.47,16.73
1040,O000410,P0198,2,143.34,88.21
1041,O000410,P0496,1,155.39,21.64
1042,O000411,P0379,2,350.09,65.45
1043,O000411,P0078,3,110.4,51.47
1044,O000411,P0489,5,48.9,73.5
1045,O000411,P0317,5,107.11,62.28
1046,O000412,P0371,2,318.02,82.07
1047,O000412,P0293,1,685.87,26.37
1048,O000412,P0413,2,247.03,13.4
1049,O000412,P0499,3,958.42,88.9
1050,O000413,P0116,3,253.07,94.92
1051,O000414,P0362,2,836.11,84.83
1052,O000415,P0369,-4,274.41,86.36
1053,O000415,P0289,4,678.39,49.94
1054,O000415,P0365,4,895.97,79.75
1055,O000415,P0483,3,902.47,63.57
1056,O000416,P0224,3,377.01,47.22
1057,O000416,P0477,3,730.85,77.69
1058,O000417,P0464,1,287.55,7.91
1059,O000417,P0012,3,540.13,90.83
1060,O000417,P0430,5,937.48,91.71
1061,O000417,P0418,3,348.27,76.04
1062,O000418,P0191,3,579.96,39.71
1063,O000418,P0437,4,923.41,1.35
1064,O000419,P0398,2,720.23,98.73
1065,O000419,P0063,3,933.79,28.59
1066,O000419,P0299,3,203.46,79.26
1067,O000420,P0155,4,778.98,88.61
1068,O000420,P0029,2,458.28,41.26
1069,O000421,P0465,2,683.86,1.81
1070,O000421,P0375,5,130.76,94.01
1071,O000421,P0073,3,932.6,7.94
1072,O000421,P0470,5,933.21,28.09
1073,O000422,P0497,2,661.36,73.91
1074,O000422,P0464,2,510.43,46.07
1075,O000423,P0255,4,202.06,96.49
1076,O000423,P0211,1,798.67,87.53
1077,O000423,P0228,2,468.17,13.21
1078,O000424,P0209,4,196.42,46.8
1079,O000424,P0032,1,649.25,4.66
1080,O000424,P0417,3,444.94,53.7
1081,O000424,P0189,1,332.23,51.91
1082,O000425,P0078,-1,489.01,68.24
1083,O000426,P0164,1,468.48,84.67
1084,O000426,P0014,2,608.17,22.67
1085,O000427,P0271,2,808.06,69.41
1086,O000428,P0102,2,130.41,37.81
1087,O000428,P0079,3,522.92,39.08
1088,O000428,P0096,1,579.86,63.12
1089,O000428,P0177,4,136.54,37.35
1090,O000429,P0076,2,177.29,63.99
1091,O000429,P0316,4,198.2,52.22
1092,O000429,P0148,5,369.95,47.37
1093,O000430,P0117,3,428.99,8.71
1094,O000430,P0241,3,403.13,90.74
1095,O000431,P0200,1,611.06,78.79
1096,O000431,P0414,1,166.81,85.35
1097,O000431,P0008,4,496.48,15.6
1098,O000431,P0433,1,952.63,98.05
1099,O000432,P0324,5,962.29,70.61
1100,O000432,P0432,4,633.96,92.3
1101,O000433,P0400,5,408.51,20.03
1102,O000433,P0068,4,153.7,97.97
1103,O000433,P0079,2,150.22,16.14
1104,O000434,P0150,1,261.22,15.4
1105,O000435,P0491,2,360.2,5.72
1106,O000435,P0317,2,992.97,33.75
1107,O000436,P0125,1,834.78,63.54
1108,O000436,P0126,4,76.0,64.78
1109,O000436,P0204,5,686.84,49.18
1110,O000437,P0343,-2,322.1,85.68
1111,O000438,P0166,1,157.01,88.85
1112,O000438,P0198,1,182.77,66.11
1113,O000438,P0340,5,405.3,57.09
1114,O000439,P0161,3,733.19,79.08
1115,O000439,P0129,1,572.99,79.93
1116,O000439,P0220,1,977.58,26.77
1117,O000439,P0471,1,676.5,32.99
1118,O000440,P0344,1,100.41,72.09
1119,O000440,P0303,5,327.83,54.71
1120,O000440,P0031,3,482.39,0.05
1121,O000441,P0223,1,976.63,66.67
1122,O000441,P0334,1,501.17,13.6
1123,O000442,P0482,2,209.77,24.37
1124,O000443,P0273,5,570.86,45.39
1125,O000443,P0268,1,479.82,7.42
1126,O000443,P0248,4,239.01,79.79
1127,O000443,P0334,2,395.51,76.46
1128,O000444,P0494,3,535.11,62.16
1129,O000444,P0122,5,842.25,93.6
1130,O000444,P0358,5,696.04,20.3
1131,O000444,P0395,5,388.41,30.88
1132,O000445,P0403,5,582.44,33.49
1133,O000446,P0082,1,129.84,6.93
1134,O000446,P0249,1,809.48,27.23
1135,O000447,P0410,5,922.44,47.99
1136,O000447,P0216,-1,968.49,46.43
1137,O000447,P0341,3,764.89,49.64
1138,O000448,P0231,5,924.12,88.48
1139,O000448,P0104,1,391.8,34.76
1140,O000448,P0170,1,42.7,40.67
1141,O000449,P0241,3,207.19,58.89
1142,O000449,P0290,4,432.36,18.65
1143,O000449,P0057,4,883.9,56.54
1144,O000450,P0195,2,230.51,20.59
1145,O000450,P0369,3,17.88,36.8
1146,O000450,P0083,1,468.05,67.44
1147,O000451,P0041,3,854.79,61.41
1148,O000451,P0287,5,842.09,76.35
1149,O000451,P0473,5,288.88,65.75
1150,O000451,P0170,2,756.18,87.47
1151,O000452,P0132,2,787.71,79.17
1152,O000452,P0203,3,573.69,60.35
1153,O000452,P0125,2,835.45,94.47
1154,O000453,P0146,3,234.15,88.09
1155,O000453,P0270,4,761.48,83.68
1156,O000453,P0115,5,57.27,32.82
1157,O000454,P0245,2,726.31,21.85
1158,O000454,P0273,5,646.12,88.23
1159,O000454,P0139,5,108.76,15.77
1160,O000454,P0390,1,575.3,12.91
1161,O000455,P0390,1,52.92,32.68
1162,O000455,P0147,5,633.99,78.44
1163,O000456,P0300,3,140.59,77.77
1164,O000456,P0022,1,308.75,56.67
1165,O000456,P0033,3,156.9,61.09
1166,O000457,P0378,1,875.9,10.66
1167,O000458,P0237,2,339.99,39.35
1168,O000459,P0201,5,198.41,58.24
1169,O000459,P0285,4,940.52,97.09
1170,O000459,P0313,1,226.22,6.88
1171,O000460,P0133,5,698.81,39.65
1172,O000460,P0115,2,935.2,55.07
1173,O000460,P0152,1,891.35,19.05
1174,O000461,P0380,2,144.37,85.8
1175,O000461,P0150,2,191.28,40.66
1176,O000461,P0119,-1,666.65,71.42
1177,O000461,P0355,4,678.05,65.8
1178,O000462,P0462,1,988.69,65.11
1179,O000463,P0196,5,755.73,95.93
1180,O000463,P0335,2,98.77,66.27
1181,O000464,P0033,4,471.16,18.83
1182,O000464,P0431,1,325.35,15.52
1183,O000464,P0428,5,372.95,4.69
1184,O000464,P0313,2,944.88,42.21
1185,O000465,P0173,2,732.53,75.39
1186,O000465,P0069,2,525.11,15.33
1187,O000465,P0009,-2,143.1,40.13
1188,O000466,P0006,2,237.42,21.95
1189,O000467,P0035,4,736.72,12.29
1190,O000467,P0187,4,933.49,1.07
1191,O000467,P0245,4,613.58,34.74
1192,O000468,P0030,2,181.83,64.18
1193,O000468,P0483,2,904.48,91.02
1194,O000468,P0133,5,817.9,17.06
1195,O000469,P0470,2,951.25,13.18
1196,O000470,P0035,5,947.08,79.96
1197,O000470,P0368,1,171.41,16.34
1198,O000471,P0192,3,67.9,81.43
1199,O000471,P0133,4,663.95,54.65
1200,O000472,P0354,4,500.24,82.48
1201,O000473,P0427,1,604.71,86.23
1202,O000473,P0185,3,643.42,22.74
1203,O000473,P0347,4,474.47,14.83
1204,O000473,P0033,5,188.08,31.67
1205,O000474,P0176,5,391.42,75.82
1206,O000475,P0372,3,742.1,94.72
1207,O000475,P0097,4,456.86,76.94
1208,O000475,P0052,1,138.69,8.6
1209,O000476,P0495,1,518.38,23.57
1210,O000477,P0471,5,745.32,5.0
1211,O000477,P0026,1,864.32,48.47
1212,O000477,P0478,1,233.28,15.11
1213,O000478,P0317,5,259.3,35.5
1214,O000479,P0089,1,183.75,90.53
1215,O000479,P0128,4,228.11,45.44
1216,O000479,P0439,-2,296.37,14.43
1217,O000480,P0165,2,688.25,26.07
1218,O000480,P0099,4,909.68,74.0
1219,O000480,P0419,1,203.55,97.62
1220,O000480,P0450,3,905.8,1.85
1221,O000481,P0473,5,337.29,27.1
1222,O000481,P0006,1,861.58,61.38
1223,O000481,P0351,4,355.87,61.21
1224,O000481,P0350,3,453.71,25.74
1225,O000482,P0337,4,217.11,94.76
1226,O000482,P0213,5,240.84,18.5
1227,O000483,P0088,4,168.42,35.87
1228,O000483,P0042,-2,886.96,34.93
1229,O000483,P0310,1,142.48,65.41
1230,O000483,P0081,5,159.4,28.58
1231,O000484,P0489,3,929.65,41.05
1232,O000485,P0162,2,759.88,70.11
1233,O000486,P0238,2,671.69,81.24
1234,O000486,P0319,4,725.49,66.41
1235,O000486,P0194,2,85.24,66.32
1236,O000486,P0331,5,672.13,33.96
1237,O000487,P0115,2,658.15,76.03
1238,O000487,P0294,1,539.09,85.1
1239,O000488,P0043,1,185.01,15.18
1240,O000488,P0191,2,751.69,51.14
1241,O000489,P0446,3,441.09,41.72
1242,O000490,P0005,4,112.94,58.28
1243,O000490,P0285,5,541.86,38.95
1244,O000490,P0429,3,838.45,0.1
1245,O000490,P0476,4,507.45,93.24
1246,O000491,P0426,5,320.54,32.73
1247,O000491,P0145,4,946.27,39.93
1248,O000491,P0061,3,599.84,72.42
1249,O000491,P0093,2,120.68,14.09
1250,O000492,P0099,2,191.19,30.56
1251,O000492,P0084,1,615.62,53.19
1252,O000492,P0249,1,938.28,91.7
1253,O000492,P0359,5,867.18,9.0
1254,O000493,P0209,2,592.25,59.41
1255,O000493,P0354,5,531.58,65.17
1256,O000493,P0057,5,738.0,1.99
1257,O000493,P0217,2,415.72,73.75
1258,O000494,P0179,1,936.88,74.8
1259,O000494,P0279,5,402.07,87.3
1260,O000495,P0168,3,811.52,27.02
1261,O000496,P0479,5,361.73,68.91
1262,O000496,P0316,4,179.21,77.84
1263,O000497,P0274,1,700.53,16.4
1264,O000498,P0440,4,234.87,84.38
1265,O000498,P0257,2,613.32,38.54
1266,O000498,P0248,2,413.43,74.7
1267,O000498,P0059,5,884.44,96.35
1268,O000499,P0054,2,255.35,55.21
1269,O000499,P0039,-1,197.97,66.38
1270,O000499,P0116,2,719.73,15.24
1271,O000499,P0375,5,971.11,34.93
1272,O000500,P0373,4,857.58,52.84
1273,O000500,P0392,3,738.92,70.03
1274,O000501,P0049,4,654.14,42.25
1275,O000501,P0086,3,16.21,89.89
1276,O000501,P0439,5,657.65,26.64
1277,O000501,P0240,1,610.63,95.65
1278,O000502,P0356,4,119.56,96.99
1279,O000503,P0330,5,254.48,69.28
1280,O000503,P0092,3,737.08,1.66
1281,O000503,P0193,2,374.95,95.33
1282,O000503,P0392,4,179.11,86.99
1283,O000504,P0105,2,314.97,50.72
1284,O000505,P0309,3,280.1,43.52
1285,O000505,P0378,1,304.88,13.65
1286,O000506,P0244,4,151.29,61.73
1287,O000507,P0156,5,72.3,43.79
1288,O000507,P0012,5,566.81,55.32
1289,O000507,P0352,5,682.92,25.49
1290,O000507,P0436,3,575.27,40.56
1291,O000508,P0312,5,803.96,84.7
1292,O000509,P0148,4,840.51,51.9
1293,O000510,P0298,2,541.07,53.32
1294,O000510,P0300,4,538.37,26.52
1295,O000510,P0310,-3,175.0,64.0
1296,O000511,P0088,1,127.08,88.76
1297,O000511,P0072,1,961.57,3.91
1298,O000511,P0309,4,902.71,1.81
1299,O000511,P0274,5,835.23,35.86
1300,O000512,P0450,-2,544.23,55.55
1301,O000513,P0342,3,816.66,55.11
1302,O000514,P0381,3,994.9,55.33
1303,O000514,P0122,4,24.42,92.55
1304,O000514,P0469,4,22.6,0.06
1305,O000514,P0369,1,396.47,67.88
1306,O000515,P0399,5,600.48,64.5
1307,O000516,P0050,3,562.38,76.73
1308,O000517,P0341,4,846.22,99.05
1309,O000517,P0027,4,507.63,47.99
1310,O000518,P0083,1,420.3,64.27
1311,O000519,P0385,1,212.0,37.24
1312,O000520,P0471,1,302.67,94.97
1313,O000521,P0481,2,52.83,48.39
1314,O000521,P0287,3,903.36,40.09
1315,O000521,P0482,3,48.23,14.18
1316,O000522,P0177,1,615.17,43.62
1317,O000522,P0478,4,431.22,17.83
1318,O000523,P0170,1,243.55,93.19
1319,O000523,P0016,3,266.03,30.73
1320,O000524,P0351,3,787.61,37.24
1321,O000524,P0168,2,179.02,84.81
1322,O000524,P0161,2,16.05,83.04
1323,O000524,P0374,2,354.22,10.16
1324,O000525,P0202,1,136.45,18.48
1325,O000526,P0399,1,477.58,92.31
1326,O000527,P0218,4,774.68,53.61
1327,O000527,P0317,5,353.04,32.1
1328,O000528,P0093,5,588.61,30.53
1329,O000528,P0440,3,319.5,40.61
1330,O000528,P0189,5,618.8,44.86
1331,O000529,P0271,3,853.16,4.72
1332,O000530,P0230,5,459.57,26.92
1333,O000530,P0327,2,222.68,77.24
1334,O000530,P0271,3,734.48,85.32
1335,O000531,P0433,1,466.63,35.64
1336,O000531,P0293,3,464.87,26.0
1337,O000531,P0171,5,239.05,51.05
1338,O000532,P0272,2,225.6,8.31
1339,O000533,P0330,2,525.95,60.09
1340,O000534,P0263,4,479.69,53.49
1341,O000534,P0286,2,77.63,79.44
1342,O000535,P0005,5,292.39,55.49
1343,O000535,P0033,2,320.33,12.22
1344,O000535,P0426,3,664.28,92.66
1345,O000535,P0413,2,786.41,5.0
1346,O000536,P0245,3,196.11,27.92
1347,O000537,P0246,4,448.27,37.89
1348,O000537,P0204,2,592.96,6.53
1349,O000537,P0417,3,402.09,58.77
1350,O000537,P0193,5,632.81,43.0
1351,O000538,P0295,1,589.98,2.9
1352,O000538,P0273,1,599.62,34.03
1353,O000538,P0273,2,906.86,83.27
1354,O000539,P0044,2,544.9,40.96
1355,O000539,P0148,5,178.5,29.48
1356,O000539,P0264,3,778.71,29.75
1357,O000540,P0088,5,565.43,87.68
1358,O000540,P0364,4,575.3,75.42
1359,O000540,P0380,2,120.05,59.23
1360,O000540,P0226,2,747.74,46.28
1361,O000541,P0277,2,195.66,60.84
1362,O000542,P0475,1,334.88,58.06
1363,O000542,P0135,3,926.19,81.09
1364,O000542,P0106,3,431.2,76.05
1365,O000542,P0201,2,982.22,10.48
1366,O000543,P0108,2,532.88,34.17
1367,O000543,P0059,4,777.61,57.81
1368,O000544,P0484,5,917.27,57.64
1369,O000544,P0317,1,660.12,86.65
1370,O000544,P0086,5,835.06,44.53
1371,O000544,P0162,5,156.33,86.14
1372,O000545,P0422,5,791.43,8.94
1373,O000545,P0276,3,753.35,75.45
1374,O000545,P0007,4,771.11,66.89
1375,O000545,P0203,2,29.78,74.44
1376,O000546,P0300,5,89.02,24.86
1377,O000547,P0158,5,143.06,86.61
1378,O000547,P0371,3,432.33,57.4
1379,O000548,P0439,5,507.27,12.3
1380,O000548,P0451,3,144.27,21.22
1381,O000548,P0036,4,906.72,93.27
1382,O000549,P0206,2,148.46,43.99
1383,O000549,P0261,2,723.42,40.09
1384,O000549,P0124,2,800.49,6.04
1385,O000549,P0279,1,328.54,87.38
1386,O000550,P0490,1,298.98,66.57
1387,O000550,P0441,1,391.98,37.56
1388,O000550,P0096,5,363.5,78.99
1389,O000550,P0149,1,253.64,95.65
1390,O000551,P0467,2,247.58,48.62
1391,O000552,P0279,1,598.56,99.68
1392,O000552,P0176,4,914.97,29.5
1393,O000552,P0414,5,262.34,6.87
1394,O000552,P0458,4,113.79,99.92
1395,O000553,P0105,3,341.41,87.22
1396,O000553,P0136,3,52.43,37.33
1397,O000553,P0343,1,564.61,0.12
1398,O000553,P0005,4,271.42,48.66
1399,O000554,P0439,4,514.02,10.24
1400,O000554,P0233,3,124.9,75.5
1401,O000555,P0109,5,927.3,57.53
1402,O000555,P0215,5,500.34,26.01
1403,O000556,P0259,5,541.22,85.82
1404,O000557,P0387,3,961.31,11.19
1405,O000557,P0393,2,335.36,74.86
1406,O000557,P0252,4,132.05,26.59
1407,O000557,P0496,-2,430.57,55.28
1408,O000558,P0430,1,833.78,27.1
1409,O000559,P0107,2,594.74,76.0
1410,O000560,P0281,5,475.19,65.19
1411,O000561,P0120,5,222.3,28.4
1412,O000561,P0425,4,258.56,23.25
1413,O000561,P0319,1,914.01,94.21
1414,O000562,P0327,2,874.61,96.93
1415,O000562,P0203,2,141.91,26.45
1416,O000562,P0474,2,269.35,65.52
1417,O000563,P0313,2,44.5,65.24
1418,O000563,P0004,4,275.85,27.95
1419,O000564,P0254,1,692.57,83.89
1420,O000565,P0082,1,278.02,99.78
1421,O000565,P0330,2,84.53,62.14
1422,O000565,P0489,5,637.95,14.44
1423,O000566,P0015,5,591.51,73.54
1424,O000566,P0200,4,983.13,86.56
1425,O000566,P0094,5,185.68,7.81
1426,O000567,P0095,3,296.72,26.5
1427,O000567,P0052,2,116.8,82.84
1428,O000567,P0157,1,388.75,43.16
1429,O000567,P0244,4,21.88,54.62
1430,O000568,P0477,2,159.93,3.51
1431,O000568,P0406,5,244.08,89.33
1432,O000568,P0036,4,575.53,19.66
1433,O000568,P0006,5,345.57,47.58
1434,O000569,P0254,1,250.96,33.35
1435,O000569,P0014,5,800.54,21.62
1436,O000569,P0386,4,780.91,65.43
1437,O000570,P0105,2,545.13,38.07
1438,O000570,P0242,1,885.75,65.51
1439,O000571,P0013,2,806.22,25.39
1440,O000571,P0406,3,120.76,49.6
1441,O000571,P0414,5,992.88,6.84
1442,O000571,P0157,1,252.43,5.38
1443,O000572,P0151,2,858.26,93.07
1444,O000572,P0074,2,101.91,39.73
1445,O000573,P0467,3,591.84,75.53
1446,O000573,P0468,2,937.15,73.04
1447,O000574,P0229,3,799.86,47.45
1448,O000574,P0012,2,216.16,18.26
1449,O000574,P0116,3,923.72,47.03
1450,O000575,P0154,4,723.0,2.41
1451,O000576,P0424,3,695.12,58.43
1452,O000576,P0019,3,140.1,10.63
1453,O000577,P0275,3,585.63,84.16
1454,O000578,P0208,4,993.43,70.31
1455,O000578,P0454,5,419.49,47.9
1456,O000579,P0065,5,221.75,37.94
1457,O000579,P0257,1,530.26,31.2
1458,O000579,P0384,-3,238.41,82.09
1459,O000579,P0290,5,118.44,3.25
1460,O000580,P0067,5,94.9,30.08
1461,O000580,P0378,1,728.84,52.91
1462,O000580,P0493,2,733.06,12.79
1463,O000581,P0143,3,544.93,50.99
1464,O000581,P0487,3,48.68,15.77
1465,O000582,P0211,5,325.38,43.17
1466,O000582,P0005,2,176.49,99.79
1467,O000583,P0381,4,156.9,1.45
1468,O000583,P0107,-3,763.75,0.2
1469,O000584,P0193,1,256.18,29.17
1470,O000585,P0057,4,616.06,0.34
1471,O000585,P0399,5,572.45,9.0
1472,O000585,P0409,3,12.62,57.96
1473,O000585,P0386,1,743.97,15.23
1474,O000586,P0104,2,934.48,74.22
1475,O000586,P0484,5,775.6,72.68
1476,O000587,P0408,-4,735.72,30.02
1477,O000588,P0133,5,394.62,4.06
1478,O000589,P0498,5,593.59,27.73
1479,O000590,P0456,2,105.81,83.5
1480,O000590,P0050,4,528.16,8.52
1481,O000591,P0190,5,697.36,32.97
1482,O000592,P0159,5,158.58,1.82
1483,O000592,P0341,3,21.92,36.3
1484,O000593,P0211,2,39.67,32.17
1485,O000593,P0129,5,290.55,89.06
1486,O000593,P0222,3,447.2,71.61
1487,O000594,P0137,1,882.42,72.1
1488,O000595,P0353,5,511.93,92.07
1489,O000595,P0306,2,923.22,28.9
1490,O000596,P0201,2,149.33,53.09
1491,O000597,P0167,4,905.79,46.76
1492,O000598,P0082,2,951.52,22.23
1493,O000598,P0151,-4,96.32,61.98
1494,O000598,P0283,5,704.21,10.72
1495,O000599,P0322,4,184.92,63.15
1496,O000600,P0147,3,668.9,89.23
1497,O000600,P0032,1,470.0,17.29
1498,O000600,P0210,1,33.3,8.53
1499,O000601,P0045,5,39.33,72.34
1500,O000601,P0463,2,135.88,73.5
1501,O000602,P0065,1,39.07,90.44
1502,O000602,P0006,5,502.78,42.94
1503,O000602,P0418,3,774.18,73.05
1504,O000602,P0372,3,55.54,87.53
1505,O000603,P0215,2,987.7,85.21
1506,O000603,P0495,3,34.9,62.2
1507,O000604,P0256,-2,721.99,79.85
1508,O000604,P0159,2,496.9,14.89
1509,O000604,P0493,2,427.64,49.12
1510,O000605,P0482,5,324.67,10.16
1511,O000605,P0343,2,953.19,39.42
1512,O000605,P0434,1,424.12,80.92
1513,O000605,P0401,3,406.19,15.26
1514,O000606,P0490,3,927.33,87.93
1515,O000606,P0227,4,515.53,84.43
1516,O000607,P0042,4,665.77,57.82
1517,O000607,P0019,2,418.65,93.26
1518,O000607,P0290,5,488.54,30.13
1519,O000608,P0443,2,279.16,20.95
1520,O000608,P0215,1,879.92,75.39
1521,O000609,P0173,1,792.72,43.28
1522,O000609,P0385,3,362.72,35.69
1523,O000610,P0338,1,694.05,80.1
1524,O000610,P0052,1,673.87,61.25
1525,O000611,P0272,5,155.28,24.91
1526,O000611,P0116,4,343.99,58.68
1527,O000612,P0258,5,808.23,72.4
1528,O000612,P0301,5,803.36,53.68
1529,O000612,P0444,4,776.39,34.73
1530,O000613,P0094,1,100.2,81.52
1531,O000614,P0384,3,286.18,80.21
1532,O000614,P0016,2,127.28,40.14
1533,O000614,P0487,3,532.61,0.42
1534,O000615,P0366,4,732.68,87.23
1535,O000615,P0030,4,210.61,6.25
1536,O000616,P0282,1,829.79,62.29
1537,O000616,P0414,1,283.26,93.84
1538,O000617,P0244,3,815.16,24.07
1539,O000617,P0302,4,824.41,76.19
1540,O000618,P0054,1,885.78,75.77
1541,O000618,P0482,2,361.23,71.53
1542,O000618,P0133,1,107.54,64.8
1543,O000618,P0169,4,868.66,92.13
1544,O000619,P0225,1,347.32,33.77
1545,O000620,P0473,-1,174.8,52.85
1546,O000620,P0002,4,476.96,77.94
1547,O000621,P0485,2,421.35,42.68
1548,O000622,P0428,5,163.08,89.38
1549,O000623,P0397,3,129.41,19.8
1550,O000623,P0021,3,452.93,41.92
1551,O000623,P0004,1,190.24,28.68
1552,O000623,P0367,1,553.55,78.44
1553,O000624,P0087,5,654.82,66.91
1554,O000624,P0394,3,143.6,87.63
1555,O000624,P0423,2,130.33,58.51
1556,O000624,P0391,4,388.6,35.24
1557,O000625,P0242,3,29.72,80.08
1558,O000625,P0318,3,693.19,24.59
1559,O000625,P0482,3,878.7,14.2
1560,O000625,P0060,3,840.34,89.46
1561,O000626,P0246,4,928.47,21.76
1562,O000626,P0482,3,955.44,64.88
1563,O000627,P0109,2,705.79,69.48
1564,O000627,P0114,5,582.11,28.86
1565,O000627,P0113,3,33.35,30.14
1566,O000628,P0415,4,83.85,1.55
1567,O000629,P0189,1,912.48,37.71
1568,O000629,P0366,3,554.55,38.81
1569,O000630,P0126,4,238.78,86.77
1570,O000630,P0120,5,316.76,9.07
1571,O000630,P0420,1,127.31,76.11
1572,O000631,P0080,4,495.68,82.03
1573,O000631,P0439,5,959.56,32.01
1574,O000631,P0165,2,747.02,91.44
1575,O000631,P0395,1,85.6,44.9
1576,O000632,P0069,3,241.87,37.21
1577,O000632,P0051,5,347.95,25.96
1578,O000632,P0328,4,55.16,67.14
1579,O000632,P0117,5,737.01,1.89
1580,O000633,P0378,3,844.15,36.98
1581,O000633,P0237,3,473.88,3.67
1582,O000633,P0014,1,466.09,6.11
1583,O000634,P0413,1,270.94,65.23
1584,O000634,P0386,5,237.58,66.46
1585,O000634,P0250,1,324.87,97.87
1586,O000634,P0096,-5,889.78,29.65
1587,O000635,P0167,3,708.62,67.17
1588,O000636,P0089,1,339.01,77.06
1589,O000636,P0207,4,981.45,89.35
1590,O000636,P0427,2,307.25,4.57
1591,O000636,P0070,4,20.18,65.27
1592,O000637,P0485,2,76.92,83.48
1593,O000637,P0107,2,729.36,96.69
1594,O000637,P0355,4,146.98,60.37
1595,O000637,P0221,2,724.82,83.59
1596,O000638,P0356,4,39.91,26.32
1597,O000639,P0091,5,66.96,33.46
1598,O000639,P0133,3,15.97,78.82
1599,O000639,P0310,5,774.28,47.43
1600,O000639,P0043,5,957.42,32.74
1601,O000640,P0398,4,18.75,19.19
1602,O000640,P0030,3,739.38,50.02
1603,O000640,P0174,4,350.82,15.88
1604,O000640,P0442,1,37.35,83.12
1605,O000641,P0245,2,217.96,40.24
1606,O000641,P0106,2,188.46,70.62
1607,O000641,P0076,2,487.32,10.64
1608,O000642,P0334,4,888.14,42.59
1609,O000643,P0085,4,66.63,29.45
1610,O000644,P0429,1,556.96,57.71
1611,O000644,P0090,2,940.6,83.55
1612,O000644,P0300,-5,857.91,17.92
1613,O000645,P0493,2,984.11,79.47
1614,O000646,P0456,1,273.48,67.86
1615,O000647,P0032,4,428.08,2.53
1616,O000647,P0453,1,888.19,1.93
1617,O000647,P0042,2,406.06,19.4
1618,O000648,P0482,3,42.57,58.33
1619,O000649,P0235,2,191.7,91.68
1620,O000649,P0437,4,122.0,80.83
1621,O000650,P0228,5,438.9,24.17
1622,O000650,P0114,-5,958.32,3.25
1623,O000651,P0081,3,882.17,61.58
1624,O000651,P0282,5,331.8,69.89
1625,O000651,P0116,2,135.95,70.07
1626,O000651,P0441,4,96.14,89.48
1627,O000652,P0334,4,57.28,97.49
1628,O000653,P0221,1,721.34,45.26
1629,O000653,P0233,3,864.38,55.3
1630,O000653,P0106,3,592.23,26.48
1631,O000653,P0232,5,725.56,50.57
1632,O000654,P0215,3,750.7,99.37
1633,O000654,P0012,4,177.95,54.56
1634,O000654,P0432,1,846.0,59.5
1635,O000654,P0040,2,905.08,77.66
1636,O000655,P0144,2,266.46,57.24
1637,O000655,P0089,1,899.76,34.85
1638,O000655,P0089,2,16.49,16.78
1639,O000656,P0415,1,380.5,65.2
1640,O000656,P0499,3,68.79,61.82
1641,O000656,P0146,2,335.28,71.79
1642,O000657,P0298,2,509.25,55.44
1643,O000658,P0387,2,778.01,19.27
1644,O000658,P0127,2,400.17,16.32
1645,O000658,P0416,4,542.03,34.68
1646,O000659,P0495,1,790.77,75.27
1647,O000659,P0297,1,66.96,78.01
1648,O000660,P0314,3,605.13,13.39
1649,O000660,P0125,1,967.31,40.15
1650,O000660,P0159,1,592.12,27.79
1651,O000660,P0197,1,190.43,77.49
1652,O000661,P0462,1,453.66,62.21
1653,O000661,P0093,1,401.57,7.6
1654,O000661,P0191,2,239.8,40.08
1655,O000662,P0078,3,671.1,50.87
1656,O000662,P0053,4,898.33,14.19
1657,O000662,P0218,1,129.26,80.87
1658,O000662,P0293,-2,597.16,65.98
1659,O000663,P0139,3,70.47,16.62
1660,O000663,P0354,1,237.97,33.19
1661,O000663,P0139,1,217.78,77.19
1662,O000664,P0154,5,245.39,84.13
1663,O000665,P0237,4,641.33,26.09
1664,O000665,P0192,5,695.5,25.13
1665,O000665,P0048,2,506.7,23.63
1666,O000665,P0346,3,328.12,93.18
1667,O000666,P0475,5,969.44,30.25
1668,O000667,P0253,4,637.71,82.95
1669,O000667,P0451,2,242.13,17.02
1670,O000667,P0221,5,360.75,35.8
1671,O000667,P0085,5,346.89,71.64
1672,O000668,P0453,4,524.57,63.65
1673,O000668,P0272,3,200.18,73.88
1674,O000668,P0165,2,702.48,71.06
1675,O000669,P0089,2,27.81,50.79
1676,O000669,P0338,4,588.66,16.83
1677,O000669,P0442,3,782.34,87.49
1678,O000669,P0300,3,397.87,55.54
1679,O000670,P0005,2,757.43,53.33
1680,O000670,P0340,3,934.49,40.57
1681,O000671,P0211,4,196.82,76.05
1682,O000671,P0047,2,852.57,16.95
1683,O000671,P0141,2,96.32,56.97
1684,O000672,P0007,-5,609.43,65.51
1685,O000672,P0356,4,448.95,13.44
1686,O000673,P0426,1,892.94,82.8
1687,O000673,P0185,1,436.01,18.51
1688,O000673,P0332,4,48.94,71.72
1689,O000673,P0378,5,762.66,57.49
1690,O000674,P0276,3,623.0,13.45
1691,O000674,P0048,3,95.98,59.19
1692,O000675,P0215,1,965.44,93.18
1693,O000675,P0338,2,46.9,40.0
1694,O000675,P0351,4,750.88,83.1
1695,O000675,P0224,1,871.61,39.09
1696,O000676,P0182,5,20.22,57.24
1697,O000676,P0103,2,278.66,9.01
1698,O000677,P0345,2,120.21,98.3
1699,O000677,P0059,2,22.31,93.69
1700,O000677,P0365,5,102.22,43.53
1701,O000677,P0367,2,108.15,34.9
1702,O000678,P0101,1,465.17,46.39
1703,O000678,P0245,4,951.51,89.43
1704,O000678,P0355,1,216.34,25.1
1705,O000679,P0024,2,820.6,88.0
1706,O000679,P0440,1,346.78,51.16
1707,O000679,P0045,-4,837.53,49.44
1708,O000680,P0094,2,50.76,16.87
1709,O000680,P0158,5,273.94,26.73
1710,O000681,P0177,2,434.12,33.52
1711,O000681,P0200,2,576.87,44.86
1712,O000681,P0448,1,300.49,53.61
1713,O000681,P0390,2,145.45,55.94
1714,O000682,P0089,3,205.88,43.39
1715,O000683,P0491,1,13.18,33.89
1716,O000683,P0321,5,886.78,48.17
1717,O000683,P0201,3,728.85,23.45
1718,O000684,P0113,1,482.19,7.77
1719,O000685,P0434,1,651.07,41.06
1720,O000685,P0234,1,510.14,90.65
1721,O000685,P0235,3,60.72,72.77
1722,O000685,P0232,1,844.81,96.3
1723,O000686,P0213,4,850.59,13.14
1724,O000686,P0207,4,557.92,80.91
1725,O000686,P0153,1,883.45,8.71
1726,O000687,P0293,5,43.22,5.98
1727,O000687,P0357,4,175.27,84.31
1728,O000687,P0158,1,341.18,69.75
1729,O000688,P0121,1,369.71,75.29
1730,O000688,P0461,4,46.14,70.59
1731,O000688,P0218,4,596.22,24.56
1732,O000688,P0331,1,445.63,21.1
1733,O000689,P0455,4,905.72,54.8
1734,O000689,P0094,2,426.42,88.79
1735,O000689,P0329,4,288.4,8.13
1736,O000689,P0232,1,513.0,50.71
1737,O000690,P0169,2,679.49,80.83
1738,O000690,P0385,1,213.19,41.47
1739,O000690,P0087,3,699.41,69.36
1740,O000691,P0433,-4,321.76,99.43
1741,O000691,P0433,3,674.04,30.27
1742,O000691,P0061,2,697.52,5.87
1743,O000691,P0359,5,767.19,54.51
1744,O000692,P0201,-4,213.87,83.89
1745,O000692,P0084,1,582.1,96.22
1746,O000692,P0484,1,811.49,58.14
1747,O000692,P0042,5,676.17,56.67
1748,O000693,P0079,4,424.49,32.29
1749,O000693,P0120,2,469.01,45.75
1750,O000694,P0426,5,314.88,26.24
1751,O000695,P0016,5,214.18,69.55
1752,O000695,P0341,5,242.07,88.43
1753,O000695,P0155,2,690.22,63.97
1754,O000695,P0184,1,777.34,61.05
1755,O000696,P0195,-4,602.83,6.35
1756,O000696,P0225,3,197.95,36.79
1757,O000696,P0491,5,999.35,23.2
1758,O000696,P0143,5,662.1,24.54
1759,O000697,P0356,2,681.51,74.04
1760,O000698,P0242,5,506.98,92.74
1761,O000698,P0489,4,644.48,66.33
1762,O000698,P0331,1,532.43,86.37
1763,O000698,P0334,1,852.4,88.25
1764,O000699,P0001,5,207.72,44.88
1765,O000699,P0028,1,937.55,97.73
1766,O000700,P0451,3,57.44,3.11
1767,O000700,P0328,5,899.27,96.09
1768,O000700,P0206,1,158.72,16.56
1769,O000700,P0334,4,871.42,29.6
1770,O000701,P0485,5,39.89,85.07
1771,O000701,P0260,4,663.17,96.59
1772,O000701,P0332,5,472.26,27.56
1773,O000702,P0217,4,937.69,68.54
1774,O000703,P0242,1,412.08,13.24
1775,O000703,P0069,5,842.27,24.01
1776,O000703,P0326,1,759.84,17.52
1777,O000703,P0462,4,883.54,28.06
1778,O000704,P0196,3,633.91,18.39
1779,O000704,P0268,3,683.66,87.5
1780,O000705,P0377,1,748.91,81.05
1781,O000706,P0449,3,380.2,40.78
1782,O000706,P0481,1,926.77,95.68
1783,O000707,P0094,3,555.81,26.63
1784,O000707,P0418,4,927.58,5.88
1785,O000707,P0390,5,454.37,13.19
1786,O000707,P0163,3,141.63,76.49
1787,O000708,P0114,1,701.42,42.49
1788,O000708,P0359,5,537.46,43.96
1789,O000708,P0143,3,682.87,97.09
1790,O000709,P0461,3,514.92,14.69
1791,O000709,P0292,3,457.25,49.84
1792,O000709,P0481,5,715.18,41.11
1793,O000709,P0119,2,433.61,38.12
1794,O000710,P0497,5,533.65,28.37
1795,O000710,P0298,1,317.31,81.66
1796,O000710,P0026,2,951.8,18.6
1797,O000710,P0085,5,961.63,56.37
1798,O000711,P0204,1,81.94,45.37
1799,O000711,P0091,5,197.25,34.48
1800,O000712,P0309,5,793.21,73.4
1801,O000712,P0385,2,557.32,47.75
1802,O000713,P0364,5,500.48,61.09
1803,O000713,P0223,3,22.23,12.14
1804,O000713,P0026,3,528.02,86.69
1805,O000713,P0417,3,254.55,32.74
1806,O000714,P0065,5,408.43,2.93
1807,O000714,P0026,1,655.85,65.82
1808,O000715,P0316,4,727.13,94.39
1809,O000715,P0339,3,234.56,3.38
1810,O000715,P0289,3,80.01,30.05
1811,O000715,P0416,1,579.16,32.14
1812,O000716,P0314,2,544.74,64.44
1813,O000716,P0381,4,788.05,93.98
1814,O000716,P0006,2,336.21,96.96
1815,O000716,P0094,2,241.2,83.17
1816,O000717,P0219,5,433.83,94.24
1817,O000718,P0287,5,906.69,40.07
1818,O000719,P0068,3,880.55,8.52
1819,O000720,P0002,2,454.08,40.85
1820,O000720,P0221,1,576.15,97.82
1821,O000720,P0334,2,916.2,64.2
1822,O000721,P0408,1,939.98,49.08
1823,O000721,P0163,1,233.28,7.25
1824,O000721,P0317,2,322.59,40.47
1825,O000722,P0254,1,204.48,16.96
1826,O000723,P0215,3,95.3,57.56
1827,O000723,P0076,2,698.06,83.33
1828,O000723,P0037,5,594.88,51.56
1829,O000723,P0021,2,197.98,73.18
1830,O000724,P0230,3,293.75,60.89
1831,O000724,P0014,3,449.49,95.88
1832,O000724,P0397,4,233.24,98.64
1833,O000725,P0040,4,779.62,60.83
1834,O000726,P0353,1,561.79,78.12
1835,O000726,P0356,3,246.5,65.74
1836,O000726,P0041,5,275.3,38.35
1837,O000726,P0417,3,82.64,79.48
1838,O000727,P0380,3,88.26,73.66
1839,O000728,P0232,3,267.97,71.83
1840,O000729,P0342,3,125.8,39.84
1841,O000729,P0002,4,60.07,1.13
1842,O000729,P0411,2,22.48,31.15
1843,O000729,P0142,3,984.86,99.45
1844,O000730,P0365,5,550.47,17.82
1845,O000730,P0108,-5,592.68,39.37
1846,O000731,P0191,1,916.19,54.4
1847,O000731,P0143,4,632.06,69.34
1848,O000732,P0007,4,160.04,32.17
1849,O000733,P0196,1,289.66,43.73
1850,O000733,P0105,5,725.15,34.25
1851,O000733,P0029,4,933.22,60.49
1852,O000734,P0011,3,508.11,50.72
1853,O000734,P0431,1,437.68,4.26
1854,O000734,P0497,5,52.13,16.82
1855,O000734,P0315,1,101.73,83.91
1856,O000735,P0103,2,683.94,91.05
1857,O000735,P0050,4,341.93,27.57
1858,O000735,P0176,3,171.38,39.93
1859,O000736,P0336,1,409.25,29.53
1860,O000736,P0345,4,987.91,14.67
1861,O000737,P0241,2,681.34,47.6
1862,O000737,P0143,3,303.3,72.64
1863,O000737,P0348,1,892.8,77.26
1864,O000738,P0033,1,296.38,74.59
1865,O000738,P0374,5,251.44,27.23
1866,O000739,P0068,4,874.05,17.98
1867,O000739,P0296,3,382.17,0.28
1868,O000739,P0071,2,751.55,7.37
1869,O000739,P0067,5,380.23,81.3
1870,O000740,P0199,1,521.77,4.84
1871,O000740,P0022,1,402.26,23.87
1872,O000740,P0067,1,733.62,88.71
1873,O000740,P0220,1,273.32,0.8
1874,O000741,P0301,1,53.36,11.83
1875,O000742,P0122,1,642.7,14.32
1876,O000742,P0135,-2,345.58,68.86
1877,O000743,P0357,3,601.48,23.13
1878,O000743,P0423,1,194.81,39.24
1879,O000743,P0274,1,436.08,13.3
1880,O000743,P0418,4,948.05,93.44
1881,O000744,P0323,3,594.63,13.71
1882,O000744,P0286,3,963.02,28.15
1883,O000744,P0116,3,518.66,12.44
1884,O000745,P0281,5,599.29,34.79
1885,O000746,P0454,5,840.58,28.3
1886,O000746,P0208,3,165.33,16.79
1887,O000746,P0253,3,620.37,5.23
1888,O000747,P0497,-4,813.5,10.25
1889,O000747,P0159,4,546.34,3.05
1890,O000747,P0443,1,643.94,75.78
1891,O000747,P0101,-4,359.79,99.43
1892,O000748,P0037,5,380.71,19.9
1893,O000748,P0118,1,682.6,63.48
1894,O000748,P0415,1,102.95,42.32
1895,O000749,P0032,5,379.69,17.92
1896,O000749,P0126,3,594.82,30.76
1897,O000749,P0364,5,381.62,26.42
1898,O000750,P0416,2,326.68,93.9
1899,O000750,P0164,4,725.46,12.31
1900,O000750,P0478,1,529.47,57.56
1901,O000751,P0480,4,307.34,71.85
1902,O000751,P0170,5,394.46,12.31
1903,O000751,P0166,2,716.35,49.49
1904,O000751,P0281,5,955.3,37.43
1905,O000752,P0497,1,250.46,74.61
1906,O000752,P0411,4,733.73,54.21
1907,O000752,P0413,2,645.97,56.37
1908,O000752,P0185,-2,438.16,24.19
1909,O000753,P0310,2,701.62,21.27
1910,O000753,P0441,2,410.82,25.91
1911,O000754,P0165,5,247.67,16.39
1912,O000754,P0459,4,964.51,37.61
1913,O000755,P0243,3,919.26,62.19
1914,O000755,P0274,2,868.79,65.17
1915,O000756,P0094,2,31.47,9.39
1916,O000757,P0097,1,235.67,79.84
1917,O000758,P0493,3,303.95,65.98
1918,O000758,P0077,5,890.56,0.91
1919,O000758,P0165,4,863.4,32.83
1920,O000759,P0200,3,67.0,92.6
1921,O000759,P0354,3,613.26,6.94
1922,O000759,P0064,5,39.16,71.66
1923,O000760,P0110,3,676.7,18.43
1924,O000760,P0372,4,781.29,91.36
1925,O000760,P0240,4,226.16,93.92
1926,O000760,P0260,4,702.84,3.38
1927,O000761,P0374,4,483.36,92.55
1928,O000761,P0286,-4,367.89,23.8
1929,O000761,P0161,1,177.77,50.34
1930,O000761,P0148,3,93.97,82.41
1931,O000762,P0068,3,898.83,27.02
1932,O000762,P0389,4,373.16,16.7
1933,O000762,P0191,4,573.48,0.24
1934,O000762,P0008,4,844.34,24.51
1935,O000763,P0340,2,982.29,63.43
1936,O000763,P0408,4,269.75,41.16
1937,O000763,P0230,1,274.59,59.5
1938,O000763,P0268,5,926.06,98.09
1939,O000764,P0363,5,285.02,99.73
1940,O000764,P0468,1,709.01,42.72
1941,O000764,P0456,5,321.84,31.36
1942,O000764,P0410,3,665.22,14.29
1943,O000765,P0066,4,140.47,22.24
1944,O000765,P0196,5,110.41,10.08
1945,O000765,P0479,5,881.71,80.56
1946,O000765,P0467,1,113.29,61.59
1947,O000766,P0003,2,702.81,18.25
1948,O000766,P0358,4,987.83,87.57
1949,O000766,P0419,2,595.66,53.11
1950,O000767,P0424,4,890.61,63.7
1951,O000767,P0237,3,749.06,69.61
1952,O000767,P0397,1,506.18,14.13
1953,O000768,P0330,2,550.58,48.31
1954,O000768,P0498,3,849.34,6.74
1955,O000769,P0375,4,207.93,72.33
1956,O000770,P0383,4,979.75,59.95
1957,O000770,P0386,3,682.65,51.53
1958,O000770,P0291,4,777.29,38.68
1959,O000771,P0440,1,919.15,15.42
1960,O000771,P0026,4,841.02,5.94
1961,O000772,P0206,4,141.08,9.9
1962,O000772,P0164,3,735.13,68.44
1963,O000773,P0341,3,927.52,94.7
1964,O000773,P0389,3,364.89,49.35
1965,O000773,P0089,1,262.22,43.1
1966,O000773,P0198,-1,528.54,33.76
1967,O000774,P0150,5,686.46,35.74
1968,O000774,P0131,4,331.85,15.39
1969,O000774,P0134,3,78.02,51.23
1970,O000774,P0152,5,14.89,80.17
1971,O000775,P0468,2,539.07,42.58
1972,O000775,P0429,5,325.09,47.0
1973,O000776,P0491,1,252.7,19.4
1974,O000777,P0109,3,517.57,41.12
1975,O000777,P0356,2,339.46,4.85
1976,O000777,P0115,5,40.09,60.87
1977,O000778,P0343,1,582.6,58.39
1978,O000778,P0422,4,611.33,59.64
1979,O000778,P0070,5,842.29,33.66
1980,O000779,P0108,5,368.95,60.94
1981,O000779,P0163,-5,915.23,46.4
1982,O000780,P0252,4,306.16,50.94
1983,O000780,P0256,1,643.82,95.33
1984,O000780,P0010,5,889.39,58.45
1985,O000781,P0222,2,11.08,71.72
1986,O000782,P0447,3,810.65,4.43
1987,O000782,P0182,2,912.23,60.05
1988,O000782,P0144,2,614.42,87.1
1989,O000783,P0079,2,50.46,9.64
1990,O000783,P0242,4,292.85,43.68
1991,O000783,P0490,3,949.13,65.63
1992,O000783,P0218,1,740.44,99.34
1993,O000784,P0268,-2,757.07,12.91
1994,O000784,P0329,5,524.8,39.64
1995,O000785,P0082,1,252.25,76.65
1996,O000785,P0220,2,40.82,64.28
1997,O000785,P0319,5,759.18,16.57
1998,O000786,P0265,4,217.69,84.93
1999,O000786,P0002,4,390.11,18.18
2000,O000786,P0495,5,645.82,68.14
2001,O000786,P0416,3,534.33,89.35
2002,O000787,P0077,4,301.95,14.67
2003,O000788,P0289,3,319.29,62.29
2004,O000788,P0478,5,426.2,15.28
2005,O000788,P0074,2,227.86,47.38
2006,O000788,P0485,4,583.48,98.07
2007,O000789,P0424,2,577.48,3.59
2008,O000789,P0140,4,874.19,71.45
2009,O000790,P0283,1,287.76,46.6
2010,O000790,P0361,4,266.9,62.71
2011,O000790,P0161,4,320.74,59.33
2012,O000790,P0450,1,866.25,54.08
2013,O000791,P0237,4,519.05,35.27
2014,O000792,P0030,3,562.25,30.25
2015,O000793,P0282,2,218.0,26.36
2016,O000793,P0106,5,529.87,86.12
2017,O000793,P0205,1,88.48,23.78
2018,O000793,P0093,4,123.37,63.16
2019,O000794,P0281,3,879.71,54.68
2020,O000795,P0277,5,527.76,38.7
2021,O000795,P0069,1,817.32,2.66
2022,O000796,P0199,1,718.12,84.98
2023,O000796,P0061,5,56.6,58.61
2024,O000796,P0076,2,593.58,14.4
2025,O000796,P0119,5,231.66,90.53
2026,O000797,P0233,3,922.11,24.26
2027,O000797,P0252,3,334.62,51.1
2028,O000797,P0401,4,732.31,22.53
2029,O000797,P0354,2,451.63,80.04
2030,O000798,P0393,2,179.1,80.54
2031,O000798,P0169,2,346.86,4.27
2032,O000798,P0464,3,42.41,12.7
2033,O000798,P0317,1,607.47,87.72
2034,O000799,P0421,5,287.36,4.47
2035,O000799,P0276,3,217.14,97.19
2036,O000800,P0248,1,951.46,65.14
2037,O000800,P0480,1,234.55,64.82
2038,O000800,P0102,3,406.59,99.05
2039,O000801,P0202,3,820.94,77.64
2040,O000802,P0225,1,879.56,45.03
2041,O000803,P0452,5,150.7,63.88
2042,O000803,P0322,3,274.34,42.64
2043,O000803,P0500,3,478.3,81.02
2044,O000803,P0119,1,821.21,42.33
2045,O000804,P0034,3,437.69,93.76
2046,O000804,P0112,5,760.8,50.6
2047,O000804,P0182,2,586.47,49.82
2048,O000804,P0083,4,605.41,70.33
2049,O000805,P0261,4,399.57,55.96
2050,O000805,P0070,2,569.29,8.87
2051,O000806,P0421,3,234.5,17.51
2052,O000806,P0378,1,379.12,55.0
2053,O000806,P0299,3,438.53,38.91
2054,O000807,P0407,2,390.46,47.09
2055,O000807,P0373,3,131.11,74.3
2056,O000807,P0146,5,653.8,92.16
2057,O000807,P0478,4,924.12,60.98
2058,O000808,P0173,1,23.0,16.16
2059,O000808,P0341,2,103.1,56.45
2060,O000808,P0483,1,293.81,99.84
2061,O000808,P0154,2,839.4,66.76
2062,O000809,P0131,1,819.13,20.34
2063,O000809,P0148,4,35.57,99.62
2064,O000809,P0441,5,134.12,40.51
2065,O000809,P0395,2,934.9,81.19
2066,O000810,P0384,3,39.27,72.6
2067,O000810,P0420,5,195.29,55.78
2068,O000810,P0232,2,465.08,59.98
2069,O000810,P0212,4,441.15,7.8
2070,O000811,P0469,3,248.11,17.39
2071,O000811,P0435,1,839.9,13.36
2072,O000812,P0279,3,49.22,89.96
2073,O000812,P0498,2,429.14,22.07
2074,O000813,P0380,4,25.98,47.44
2075,O000813,P0168,4,158.22,30.44
2076,O000813,P0151,4,36.63,16.42
2077,O000813,P0180,2,72.04,30.4
2078,O000814,P0158,3,148.71,80.9
2079,O000814,P0197,1,253.87,75.16
2080,O000814,P0291,4,588.71,75.04
2081,O000814,P0325,4,341.51,58.26
2082,O000815,P0225,2,381.87,88.08
2083,O000815,P0024,1,36.06,92.73
2084,O000816,P0381,1,803.57,34.33
2085,O000816,P0401,2,968.86,77.95
2086,O000816,P0205,3,486.3,18.06
2087,O000817,P0241,-5,757.48,95.67
2088,O000817,P0185,1,283.23,73.12
2089,O000818,P0150,3,584.46,19.8
2090,O000819,P0357,1,783.85,45.8
2091,O000819,P0422,5,323.65,6.35
2092,O000819,P0299,1,329.01,24.39
2093,O000820,P0264,4,202.38,69.84
2094,O000820,P0031,3,108.91,69.67
2095,O000820,P0044,4,318.9,58.23
2096,O000820,P0034,3,257.67,43.31
2097,O000821,P0484,2,802.19,48.59
2098,O000821,P0234,5,106.34,61.51
2099,O000821,P0164,4,429.01,12.89
2100,O000821,P0209,4,645.89,65.17
2101,O000822,P0421,2,582.4,19.79
2102,O000823,P0092,3,709.66,19.62
2103,O000824,P0100,1,63.69,95.89
2104,O000824,P0332,4,694.47,33.51
2105,O000824,P0469,1,832.63,16.82
2106,O000824,P0404,1,161.87,40.37
2107,O000825,P0039,1,263.53,73.85
2108,O000825,P0049,5,983.27,40.18
2109,O000825,P0379,2,524.11,12.87
2110,O000825,P0017,2,991.3,23.21
2111,O000826,P0025,2,378.71,13.98
2112,O000826,P0340,1,741.77,75.75
2113,O000827,P0132,1,538.84,20.91
2114,O000828,P0090,2,369.98,51.7
2115,O000829,P0376,2,601.73,33.55
2116,O000830,P0111,3,311.24,50.06
2117,O000830,P0153,3,613.32,42.82
2118,O000830,P0299,1,516.88,42.94
2119,O000830,P0028,3,732.39,58.33
2120,O000831,P0233,2,640.29,47.36
2121,O000831,P0294,2,554.65,62.51
2122,O000831,P0426,2,239.73,40.48
2123,O000832,P0197,3,982.02,40.43
2124,O000833,P0137,5,493.05,89.72
2125,O000833,P0127,2,873.61,51.09
2126,O000833,P0214,5,307.14,26.66
2127,O000834,P0435,2,585.79,37.09
2128,O000834,P0399,3,992.51,27.08
2129,O000834,P0163,4,670.25,33.81
2130,O000835,P0451,2,768.21,55.14
2131,O000835,P0079,3,296.74,87.74
2132,O000835,P0304,4,159.23,10.33
2133,O000835,P0329,4,463.09,64.49
2134,O000836,P0281,2,931.91,32.4
2135,O000836,P0147,2,416.72,32.85
2136,O000836,P0296,4,35.87,78.48
2137,O000836,P0076,4,303.07,47.04
2138,O000837,P0456,5,761.33,78.73
2139,O000837,P0182,1,861.84,67.38
2140,O000838,P0401,1,520.12,19.67
2141,O000839,P0012,-1,502.13,20.82
2142,O000839,P0242,2,694.22,77.5
2143,O000839,P0141,1,540.94,42.36
2144,O000839,P0463,4,714.46,55.59
2145,O000840,P0294,4,215.93,13.18
2146,O000840,P0204,1,785.92,59.22
2147,O000841,P0166,4,646.02,83.83
2148,O000841,P0325,5,172.8,84.24
2149,O000841,P0208,3,213.06,81.59
2150,O000842,P0477,4,589.23,80.65
2151,O000843,P0421,1,576.93,50.56
2152,O000843,P0057,1,189.71,41.36
2153,O000843,P0291,4,465.56,62.04
2154,O000844,P0456,1,555.2,21.85
2155,O000844,P0017,2,113.83,38.96
2156,O000844,P0396,2,575.51,11.36
2157,O000844,P0140,2,734.07,3.39
2158,O000845,P0140,2,972.34,21.54
2159,O000846,P0106,4,957.43,27.36
2160,O000846,P0423,1,567.72,79.71
2161,O000846,P0032,3,955.46,86.5
2162,O000846,P0020,4,83.17,25.1
2163,O000847,P0500,1,290.1,65.45
2164,O000848,P0160,1,659.6,92.27
2165,O000849,P0426,2,882.88,85.32
2166,O000850,P0017,4,750.51,7.24
2167,O000851,P0063,2,955.23,76.97
2168,O000852,P0479,5,335.84,55.35
2169,O000852,P0108,2,326.06,7.47
2170,O000852,P0290,1,984.53,9.62
2171,O000853,P0196,2,68.17,32.39
2172,O000854,P0453,1,95.55,49.55
2173,O000854,P0401,2,708.37,58.3
2174,O000854,P0419,3,26.06,13.54
2175,O000854,P0003,4,169.96,93.29
2176,O000855,P0068,3,841.98,45.94
2177,O000856,P0249,3,934.55,7.51
2178,O000856,P0224,5,481.67,51.01
2179,O000856,P0441,4,434.42,60.52
2180,O000857,P0041,5,47.13,63.72
2181,O000857,P0057,3,661.05,37.9
2182,O000858,P0078,2,127.78,28.4
2183,O000858,P0122,1,91.58,33.55
2184,O000858,P0306,3,666.82,96.58
2185,O000859,P0281,4,260.74,34.44
2186,O000859,P0090,2,760.08,49.68
2187,O000860,P0325,-1,369.65,48.66
2188,O000860,P0239,1,587.91,59.72
2189,O000860,P0270,5,915.75,35.89
2190,O000861,P0292,5,982.16,59.79
2191,O000861,P0055,1,594.94,62.87
2192,O000861,P0179,3,939.69,91.7
2193,O000861,P0399,2,509.82,88.65
2194,O000862,P0045,4,461.13,38.97
2195,O000862,P0186,2,411.04,2.59
2196,O000863,P0340,1,52.41,29.41
2197,O000863,P0114,3,15.04,81.84
2198,O000863,P0493,5,426.77,18.0
2199,O000863,P0263,1,450.63,80.8
2200,O000864,P0417,1,417.73,54.15
2201,O000865,P0412,3,762.1,48.59
2202,O000866,P0087,1,200.25,72.01
2203,O000866,P0406,1,663.0,14.0
2204,O000867,P0090,5,560.51,28.39
2205,O000867,P0168,5,867.66,52.6
2206,O000868,P0153,5,41.63,27.29
2207,O000868,P0284,1,275.3,60.53
2208,O000868,P0456,1,783.94,70.45
2209,O000869,P0423,3,854.46,77.43
2210,O000869,P0400,2,944.24,92.76
2211,O000870,P0473,5,827.39,79.15
2212,O000870,P0328,4,703.21,66.49
2213,O000871,P0307,5,761.58,52.42
2214,O000871,P0277,1,27.02,7.28
2215,O000871,P0148,3,910.93,71.23
2216,O000871,P0040,3,617.13,87.16
2217,O000872,P0049,5,930.54,26.26
2218,O000872,P0410,4,459.59,73.28
2219,O000873,P0044,5,645.14,67.41
2220,O000873,P0198,5,229.79,34.44
2221,O000874,P0300,2,775.38,66.76
2222,O000875,P0318,2,728.13,71.87
2223,O000876,P0207,2,600.3,1.37
2224,O000876,P0491,3,351.04,49.3
2225,O000876,P0157,3,700.89,2.09
2226,O000877,P0378,2,10.66,41.91
2227,O000877,P0026,4,692.58,35.93
2228,O000877,P0411,2,547.79,1.48
2229,O000878,P0216,1,465.1,23.35
2230,O000879,P0023,3,92.16,31.83
2231,O000879,P0475,4,230.44,66.39
2232,O000879,P0461,1,556.32,14.0
2233,O000880,P0100,1,484.12,39.85
2234,O000880,P0314,5,850.39,29.58
2235,O000881,P0256,4,861.08,18.04
2236,O000881,P0346,1,192.34,74.39
2237,O000881,P0155,3,517.16,76.68
2238,O000882,P0065,1,314.74,72.01
2239,O000882,P0448,3,404.34,10.8
2240,O000882,P0235,5,288.97,95.67
2241,O000883,P0256,4,567.47,37.88
2242,O000884,P0232,3,70.82,99.67
2243,O000884,P0074,2,624.38,33.79
2244,O000885,P0114,3,849.84,32.22
2245,O000885,P0072,5,530.11,22.64
2246,O000885,P0425,-3,148.42,43.51
2247,O000886,P0227,5,166.35,48.54
2248,O000886,P0425,2,139.71,30.2
2249,O000887,P0394,4,185.07,11.92
2250,O000887,P0461,2,412.06,60.41
2251,O000887,P0428,4,14.9,22.13
2252,O000887,P0385,2,42.69,21.54
2253,O000888,P0024,5,309.05,78.02
2254,O000888,P0078,-3,54.63,9.52
2255,O000889,P0330,1,251.08,37.37
2256,O000890,P0044,4,607.67,0.21
2257,O000890,P0298,1,651.55,43.03
2258,O000891,P0175,2,382.81,71.79
2259,O000891,P0033,3,518.98,36.85
2260,O000891,P0373,5,455.0,99.75
2261,O000891,P0147,2,795.98,34.41
2262,O000892,P0043,2,962.75,65.09
2263,O000892,P0401,4,539.13,7.55
2264,O000893,P0376,4,295.06,24.51
2265,O000893,P0061,1,618.79,94.5
2266,O000893,P0315,3,702.31,10.44
2267,O000894,P0220,4,969.5,71.15
2268,O000895,P0338,1,476.22,89.63
2269,O000895,P0014,4,785.92,16.01
2270,O000895,P0332,1,327.94,54.74
2271,O000896,P0320,1,69.28,13.2
2272,O000896,P0201,1,483.68,54.71
2273,O000896,P0323,-4,827.65,63.26
2274,O000896,P0070,2,159.66,68.4
2275,O000897,P0080,5,80.9,13.81
2276,O000898,P0113,5,912.5,8.38
2277,O000898,P0311,3,318.45,2.16
2278,O000898,P0126,1,459.02,33.67
2279,O000899,P0290,5,908.79,14.85
2280,O000899,P0038,2,215.11,25.97
2281,O000900,P0258,5,852.94,38.0
2282,O000900,P0246,2,757.42,53.54
2283,O000900,P0338,3,558.21,80.14
2284,O000901,P0037,4,883.56,34.08
2285,O000901,P0072,2,50.83,9.84
2286,O000901,P0016,3,816.38,80.38
2287,O000901,P0202,2,299.91,43.11
2288,O000902,P0074,3,492.97,99.34
2289,O000902,P0113,3,962.61,90.96
2290,O000903,P0161,3,931.05,38.59
2291,O000903,P0134,4,533.65,51.13
2292,O000903,P0085,5,285.9,80.22
2293,O000903,P0426,3,129.11,30.68
2294,O000904,P0212,-3,582.81,97.07
2295,O000904,P0274,4,929.52,85.87
2296,O000905,P0393,1,135.11,44.73
2297,O000905,P0092,4,601.3,23.14
2298,O000906,P0300,1,779.85,25.74
2299,O000906,P0038,3,139.68,11.02
2300,O000906,P0337,4,377.54,0.44
2301,O000907,P0253,2,466.85,98.4
2302,O000907,P0177,1,972.74,72.3
2303,O000908,P0443,2,524.55,69.81
2304,O000908,P0105,1,237.88,61.1
2305,O000908,P0232,2,559.95,84.09
2306,O000908,P0099,2,450.26,73.11
2307,O000909,P0358,1,706.13,31.67
2308,O000909,P0393,4,732.55,1.18
2309,O000910,P0344,4,149.22,86.29
2310,O000910,P0003,5,121.7,98.84
2311,O000911,P0431,1,58.52,88.81
2312,O000911,P0471,5,275.74,38.77
2313,O000912,P0386,5,220.39,84.91
2314,O000912,P0485,5,792.08,16.64
2315,O000912,P0256,5,726.54,63.81
2316,O000913,P0172,-4,643.71,25.32
2317,O000913,P0449,3,916.82,13.31
2318,O000914,P0367,4,835.6,11.37
2319,O000914,P0319,2,375.9,86.72
2320,O000914,P0192,5,59.42,65.31
2321,O000915,P0170,1,298.86,10.97
2322,O000916,P0459,5,711.4,6.0
2323,O000916,P0269,1,736.41,57.71
2324,O000916,P0327,1,77.46,28.18
2325,O000917,P0208,2,391.11,50.9
2326,O000917,P0427,1,336.87,52.24
2327,O000917,P0331,1,225.07,31.03
2328,O000918,P0101,3,51.64,63.92
2329,O000918,P0265,1,932.08,38.14
2330,O000918,P0431,4,817.49,54.89
2331,O000919,P0312,1,46.83,88.86
2332,O000920,P0270,4,696.98,64.58
2333,O000921,P0224,4,102.47,36.58
2334,O000921,P0410,4,522.19,42.24
2335,O000922,P0424,5,833.29,43.85
2336,O000923,P0034,2,481.73,4.17
2337,O000923,P0171,3,969.95,53.63
2338,O000924,P0330,2,543.73,58.81
2339,O000924,P0362,4,158.45,36.96
2340,O000924,P0127,3,582.72,59.33
2341,O000925,P0205,3,662.86,9.43
2342,O000925,P0023,4,75.87,33.03
2343,O000926,P0249,4,608.7,20.8
2344,O000926,P0404,-2,520.28,20.45
2345,O000926,P0387,4,390.41,59.25
2346,O000927,P0327,3,377.27,73.87
2347,O000927,P0065,1,876.04,37.06
2348,O000928,P0123,4,14.37,54.44
2349,O000928,P0004,2,539.82,56.43
2350,O000928,P0370,4,843.95,63.89
2351,O000929,P0433,5,175.25,48.38
2352,O000929,P0471,4,749.43,75.57
2353,O000930,P0164,5,136.99,73.25
2354,O000931,P0309,-2,70.86,44.26
2355,O000931,P0025,1,829.01,71.63
2356,O000931,P0152,3,678.38,48.89
2357,O000931,P0338,1,488.59,82.17
2358,O000932,P0317,4,835.88,78.37
2359,O000932,P0348,4,583.83,63.09
2360,O000932,P0364,1,613.81,34.99
2361,O000932,P0234,4,412.65,4.07
2362,O000933,P0100,5,294.7,26.6
2363,O000933,P0188,1,160.82,93.62
2364,O000933,P0346,3,386.06,71.26
2365,O000933,P0320,2,208.29,69.46
2366,O000934,P0390,1,265.79,98.41
2367,O000934,P0186,1,696.35,47.82
2368,O000935,P0059,4,341.23,78.86
2369,O000935,P0465,5,945.24,3.71
2370,O000936,P0363,1,830.52,15.14
2371,O000937,P0069,1,407.31,56.05
2372,O000938,P0466,3,342.9,45.57
2373,O000938,P0105,5,228.45,28.9
2374,O000939,P0046,3,604.12,10.78
2375,O000939,P0292,5,100.38,25.21
2376,O000940,P0325,5,393.47,28.36
2377,O000940,P0012,2,877.83,9.16
2378,O000941,P0209,2,429.05,14.63
2379,O000941,P0202,5,543.34,26.39
2380,O000941,P0369,5,503.08,12.85
2381,O000941,P0018,1,692.31,73.46
2382,O000942,P0341,1,59.13,30.42
2383,O000942,P0164,4,95.16,2.41
2384,O000943,P0074,3,500.55,11.45
2385,O000943,P0451,2,648.52,72.55
2386,O000943,P0216,2,846.57,90.96
2387,O000944,P0427,5,897.79,81.18
2388,O000944,P0030,1,725.16,58.93
2389,O000944,P0302,5,242.45,55.3
2390,O000944,P0002,5,811.45,30.97
2391,O000945,P0486,2,238.33,69.9
2392,O000946,P0451,1,943.89,75.6
2393,O000946,P0319,5,742.2,4.94
2394,O000946,P0325,3,449.05,42.47
2395,O000947,P0274,4,917.03,2.47
2396,O000947,P0071,1,677.64,42.91
2397,O000948,P0443,3,763.42,30.31
2398,O000949,P0434,3,13.71,34.75
2399,O000949,P0425,2,864.53,8.83
2400,O000949,P0485,3,219.97,77.98
2401,O000949,P0314,-2,438.32,92.99
2402,O000950,P0072,5,103.72,58.45
2403,O000950,P0072,1,670.59,60.64
2404,O000950,P0376,4,864.88,64.76
2405,O000950,P0249,1,432.87,69.01
2406,O000951,P0204,5,871.04,12.53
2407,O000952,P0222,4,549.3,90.61
2408,O000952,P0374,-3,658.19,87.91
2409,O000953,P0089,4,596.2,18.41
2410,O000953,P0264,4,832.49,51.49
2411,O000954,P0044,4,950.11,98.95
2412,O000954,P0282,3,917.61,60.22
2413,O000955,P0299,4,249.42,31.8
2414,O000956,P0319,2,481.85,46.49
2415,O000957,P0429,3,501.05,29.64
2416,O000957,P0468,5,561.47,95.96
2417,O000957,P0016,-5,925.03,91.85
2418,O000957,P0226,3,118.27,94.72
2419,O000958,P0299,3,196.59,7.0
2420,O000958,P0486,2,864.34,86.74
2421,O000958,P0274,3,537.55,8.03
2422,O000958,P0158,1,530.33,3.94
2423,O000959,P0309,-1,191.8,26.98
2424,O000959,P0229,2,565.57,88.9
2425,O000959,P0026,3,630.19,64.26
2426,O000960,P0064,5,110.66,87.72
2427,O000960,P0033,3,647.31,39.14
2428,O000961,P0293,4,756.69,2.3
2429,O000962,P0083,2,234.79,18.9
2430,O000962,P0061,5,637.65,1.57
2431,O000962,P0007,2,784.63,49.85
2432,O000963,P0416,1,269.06,17.28
2433,O000963,P0217,4,147.5,70.17
2434,O000964,P0484,3,794.68,63.51
2435,O000964,P0168,1,499.87,78.19
2436,O000964,P0391,1,284.32,39.1
2437,O000964,P0209,5,681.51,90.83
2438,O000965,P0278,1,904.19,78.9
2439,O000965,P0130,3,940.35,21.89
2440,O000965,P0144,3,387.01,42.91
2441,O000966,P0264,3,206.64,74.75
2442,O000966,P0403,3,303.71,74.14
2443,O000966,P0475,2,359.64,54.7
2444,O000966,P0438,4,422.33,49.45
2445,O000967,P0266,4,320.06,15.43
2446,O000967,P0269,4,476.29,92.43
2447,O000967,P0082,5,775.41,65.04
2448,O000967,P0337,5,830.83,25.18
2449,O000968,P0354,4,343.84,53.56
2450,O000968,P0371,-3,792.54,31.91
2451,O000969,P0017,3,599.92,53.2
2452,O000970,P0422,4,18.11,45.79
2453,O000970,P0389,3,607.47,19.62
2454,O000970,P0229,1,235.0,73.83
2455,O000970,P0303,2,321.58,63.49
2456,O000971,P0474,1,38.29,42.17
2457,O000971,P0180,3,118.84,3.85
2458,O000971,P0326,2,14.82,99.25
2459,O000972,P0049,2,318.54,34.34
2460,O000973,P0306,2,272.18,68.38
2461,O000974,P0318,2,859.89,75.84
2462,O000974,P0370,2,727.63,10.06
2463,O000975,P0295,2,38.9,99.38
2464,O000975,P0095,2,886.07,81.71
2465,O000976,P0346,5,386.5,18.32
2466,O000976,P0027,3,528.34,49.59
2467,O000977,P0180,5,355.08,34.22
2468,O000977,P0388,1,437.07,4.1
2469,O000978,P0049,5,87.61,66.56
2470,O000979,P0161,3,758.24,21.99
2471,O000979,P0473,4,767.22,13.57
2472,O000979,P0056,2,421.58,19.98
2473,O000980,P0432,3,148.99,8.69
2474,O000980,P0192,3,963.69,71.91
2475,O000980,P0132,2,884.14,17.38
2476,O000980,P0132,-4,530.46,51.12
2477,O000981,P0302,4,625.22,5.92
2478,O000981,P0309,5,833.94,24.05
2479,O000981,P0307,2,342.67,7.38
2480,O000981,P0160,4,342.23,71.23
2481,O000982,P0361,2,726.34,44.07
2482,O000982,P0488,1,762.98,28.04
2483,O000983,P0272,5,957.7,30.86
2484,O000983,P0047,3,660.99,65.02
2485,O000984,P0418,2,249.87,29.78
2486,O000985,P0403,2,725.13,10.71
2487,O000986,P0393,2,377.37,37.86
2488,O000986,P0033,2,119.1,33.12
2489,O000986,P0147,-5,632.42,19.41
2490,O000987,P0104,5,650.43,24.87
2491,O000988,P0044,2,887.73,68.57
2492,O000988,P0300,2,488.97,11.87
2493,O000988,P0209,1,155.61,58.45
2494,O000989,P0463,5,784.44,33.97
2495,O000989,P0110,1,858.66,50.92
2496,O000989,P0315,4,92.55,5.36
2497,O000989,P0420,5,622.37,15.67
2498,O000990,P0039,4,788.98,44.27
2499,O000990,P0248,4,122.77,2.69
2500,O000991,P0232,5,492.45,44.21
2501,O000991,P0305,3,743.08,84.05
2502,O000992,P0029,3,261.75,31.78
2503,O000993,P0398,-2,649.74,74.24
2504,O000994,P0314,5,43.87,21.3
2505,O000994,P0451,3,64.74,59.44
2506,O000995,P0025,4,245.36,77.91
2507,O000995,P0400,-3,721.64,20.57
2508,O000995,P0236,4,682.63,29.76
2509,O000995,P0371,1,154.73,78.88
2510,O000996,P0125,1,831.8,66.5
2511,O000997,P0447,2,752.84,10.01
2512,O000997,P0031,2,109.54,31.05
2513,O000997,P0121,-2,540.06,54.69
2514,O000997,P0089,3,41.21,55.02
2515,O000998,P0345,1,392.87,12.16
2516,O000998,P0431,4,18.95,53.75
2517,O000999,P0378,4,386.57,1.26
2518,O001000,P0095,4,55.71,2.31
2519,O001000,P0358,2,720.1,78.05
2520,O001000,P0234,4,123.0,24.14
2521,O001001,P0344,1,537.8,60.67
2522,O001001,P0235,1,16.36,37.13
2523,O001001,P0300,1,755.94,62.22
2524,O001002,P0187,3,426.11,47.26
2525,O001002,P0174,5,395.59,11.49
2526,O001002,P0256,2,87.46,43.92
2527,O001003,P0385,5,149.95,42.57
2528,O001004,P0380,4,407.71,82.92
2529,O001004,P0482,4,35.01,36.35
2530,O001004,P0101,2,549.03,85.21
2531,O001005,P0024,3,174.21,13.98
2532,O001005,P0493,3,78.16,29.71
2533,O001005,P0091,4,499.3,20.48
2534,O001005,P0488,-2,683.18,7.16
2535,O001006,P0351,4,305.21,62.62
2536,O001006,P0152,1,516.25,11.27
2537,O001006,P0378,4,427.28,88.72
2538,O001006,P0014,4,843.3,38.83
2539,O001007,P0199,5,597.22,90.24
2540,O001007,P0283,1,563.15,96.13
2541,O001007,P0278,-1,227.69,68.29
2542,O001007,P0117,2,693.19,7.88
2543,O001008,P0383,5,952.57,77.95
2544,O001008,P0330,5,175.99,93.5
2545,O001008,P0115,4,287.36,4.37
2546,O001009,P0480,1,688.74,57.9
2547,O001009,P0088,1,137.0,15.69
2548,O001009,P0099,4,30.22,53.65
2549,O001010,P0485,5,406.47,5.34
2550,O001010,P0230,4,530.56,72.91
2551,O001010,P0427,5,580.79,89.44
2552,O001010,P0320,5,604.26,31.57
2553,O001011,P0057,1,286.37,85.37
2554,O001011,P0183,3,521.62,9.49
2555,O001012,P0253,1,219.15,80.08
2556,O001013,P0049,4,993.22,20.01
2557,O001013,P0237,1,981.26,36.65
2558,O001013,P0092,3,747.4,75.33
2559,O001014,P0312,4,416.42,48.8
2560,O001015,P0457,1,219.15,85.29
2561,O001016,P0486,4,175.02,4.74
2562,O001017,P0219,1,991.2,34.81
2563,O001017,P0114,2,804.45,69.11
2564,O001018,P0124,1,86.11,61.39
2565,O001018,P0297,5,46.26,84.79
2566,O001018,P0428,3,65.72,47.62
2567,O001018,P0384,2,302.9,51.59
2568,O001019,P0356,5,426.89,96.77
2569,O001019,P0470,2,590.14,75.85
2570,O001019,P0436,1,285.67,73.25
2571,O001020,P0398,2,961.46,34.2
2572,O001020,P0036,4,835.29,70.06
2573,O001021,P0450,3,76.1,73.91
2574,O001021,P0445,3,426.76,17.95
2575,O001022,P0208,2,812.99,12.15
2576,O001023,P0134,2,364.43,9.77
2577,O001023,P0285,2,259.17,23.38
2578,O001023,P0398,3,62.19,24.24
2579,O001023,P0267,4,664.86,33.77
2580,O001024,P0339,5,312.8,88.19
2581,O001025,P0469,2,732.09,56.24
2582,O001025,P0091,5,705.59,46.09
2583,O001025,P0485,2,762.83,9.29
2584,O001025,P0035,4,878.57,21.58
2585,O001026,P0232,2,38.5,69.24
2586,O001026,P0116,1,709.55,97.46
2587,O001026,P0334,2,179.93,17.07
2588,O001026,P0316,3,529.96,79.19
2589,O001027,P0468,1,253.18,73.35
2590,O001027,P0462,4,24.27,89.16
2591,O001028,P0087,3,303.57,97.2
2592,O001029,P0343,2,40.51,69.31
2593,O001029,P0387,2,374.18,69.77
2594,O001029,P0180,3,704.54,93.8
2595,O001030,P0034,5,980.08,41.65
2596,O001031,P0295,1,292.16,30.89
2597,O001031,P0277,3,623.84,6.5
2598,O001031,P0164,2,317.94,63.63
2599,O001032,P0351,3,637.1,5.58
2600,O001032,P0039,2,670.72,82.18
2601,O001032,P0103,-1,325.12,31.95
2602,O001033,P0304,2,990.18,3.52
2603,O001033,P0196,2,714.01,43.28
2604,O001033,P0397,4,176.2,34.7
2605,O001034,P0292,5,257.55,83.48
2606,O001034,P0099,5,612.74,1.62
2607,O001035,P0335,3,634.62,14.88
2608,O001035,P0345,1,185.9,74.47
2609,O001036,P0413,4,306.91,51.74
2610,O001036,P0122,5,264.78,47.26
2611,O001036,P0378,1,531.54,43.62
2612,O001037,P0398,1,810.29,81.19
2613,O001037,P0373,2,566.4,38.37
2614,O001037,P0284,5,336.47,2.08
2615,O001038,P0427,2,31.49,86.2
2616,O001038,P0437,2,563.85,90.34
2617,O001038,P0192,5,612.69,87.91
2618,O001039,P0219,1,808.6,60.5
2619,O001039,P0108,4,329.49,9.61
2620,O001039,P0023,4,266.03,12.46
2621,O001039,P0003,5,47.26,59.19
2622,O001040,P0261,3,950.04,21.23
2623,O001040,P0379,3,732.43,64.51
2624,O001040,P0223,4,435.4,58.9
2625,O001041,P0359,-4,115.43,70.03
2626,O001041,P0444,1,856.56,58.42
2627,O001041,P0319,1,445.91,8.2
2628,O001042,P0134,2,798.16,95.11
2629,O001043,P0246,1,830.98,41.88
2630,O001043,P0174,-3,85.81,72.8
2631,O001043,P0352,4,104.96,49.14
2632,O001043,P0455,3,725.97,18.07
2633,O001044,P0189,2,614.59,63.97
2634,O001044,P0168,4,28.46,97.64
2635,O001044,P0466,3,26.47,33.51
2636,O001045,P0296,4,793.08,22.93
2637,O001045,P0070,3,826.58,74.94
2638,O001045,P0408,3,565.38,7.21
2639,O001045,P0461,5,337.82,44.57
2640,O001046,P0170,1,65.14,86.22
2641,O001046,P0447,2,708.67,49.05
2642,O001046,P0448,2,832.61,51.42
2643,O001047,P0128,4,522.13,28.75
2644,O001048,P0445,4,61.25,38.54
2645,O001048,P0114,3,28.76,83.99
2646,O001049,P0073,1,444.88,57.81
2647,O001050,P0313,1,652.04,0.15
2648,O001050,P0258,3,861.06,14.74
2649,O001050,P0269,4,382.29,47.48
2650,O001051,P0076,4,61.09,19.43
2651,O001051,P0156,4,683.2,21.13
2652,O001052,P0307,4,383.74,73.87
2653,O001052,P0276,2,81.22,96.3
2654,O001052,P0226,2,682.83,8.88
2655,O001053,P0430,4,132.79,44.65
2656,O001054,P0454,3,433.73,67.52
2657,O001054,P0483,2,398.49,53.82
2658,O001054,P0462,1,910.39,91.48
2659,O001055,P0254,4,966.53,85.87
2660,O001055,P0147,5,653.56,94.09
2661,O001055,P0071,5,591.56,84.84
2662,O001055,P0404,4,261.21,82.58
2663,O001056,P0239,2,425.69,47.53
2664,O001057,P0012,3,958.71,48.0
2665,O001058,P0306,3,450.7,19.97
2666,O001058,P0387,1,476.47,20.77
2667,O001058,P0302,2,67.61,3.23
2668,O001058,P0143,1,741.09,79.63
2669,O001059,P0260,4,158.51,74.49
2670,O001059,P0269,3,983.36,80.05
2671,O001059,P0176,4,954.29,91.38
2672,O001060,P0017,4,634.98,91.54
2673,O001060,P0019,1,267.63,2.89
2674,O001061,P0126,1,816.78,58.49
2675,O001062,P0308,4,692.54,59.79
2676,O001062,P0205,5,835.21,99.36
2677,O001062,P0350,1,887.86,50.24
2678,O001063,P0040,3,318.84,30.64
2679,O001063,P0048,4,515.62,76.41
2680,O001063,P0343,4,10.06,72.05
2681,O001063,P0344,5,654.39,78.2
2682,O001064,P0363,5,617.97,74.04
2683,O001064,P0176,2,978.17,58.62
2684,O001064,P0317,1,77.12,71.83
2685,O001064,P0002,2,732.7,57.43
2686,O001065,P0147,4,856.81,31.55
2687,O001065,P0320,4,539.68,17.47
2688,O001066,P0182,1,76.56,87.57
2689,O001066,P0017,5,315.24,30.75
2690,O001067,P0430,2,99.39,45.38
2691,O001067,P0134,5,460.66,86.47
2692,O001068,P0311,1,269.83,10.31
2693,O001068,P0116,2,785.26,48.09
2694,O001069,P0276,3,916.62,68.2
2695,O001069,P0474,4,868.39,49.69
2696,O001070,P0497,1,211.52,36.65
2697,O001070,P0005,5,149.94,51.41
2698,O001070,P0484,2,970.79,77.24
2699,O001071,P0319,3,936.31,77.58
2700,O001072,P0251,2,554.87,32.79
2701,O001072,P0030,5,810.76,52.25
2702,O001072,P0498,1,997.98,97.92
2703,O001073,P0430,3,888.23,86.54
2704,O001073,P0389,4,624.63,21.51
2705,O001073,P0050,2,591.72,31.1
2706,O001074,P0392,5,50.64,5.55
2707,O001075,P0133,5,867.49,18.91
2708,O001075,P0419,2,181.32,91.47
2709,O001076,P0295,5,468.68,84.12
2710,O001077,P0053,5,181.65,51.5
2711,O001078,P0152,4,99.77,8.72
2712,O001078,P0128,4,93.01,88.27
2713,O001079,P0028,3,952.75,32.07
2714,O001079,P0414,1,314.24,1.03
2715,O001079,P0344,4,715.09,89.37
2716,O001080,P0156,3,667.01,31.29
2717,O001080,P0430,4,710.84,23.74
2718,O001080,P0454,3,310.54,78.31
2719,O001080,P0051,2,149.95,93.88
2720,O001081,P0214,3,313.72,8.2
2721,O001081,P0412,5,111.95,41.94
2722,O001081,P0384,1,388.62,64.07
2723,O001082,P0386,1,889.31,84.98
2724,O001083,P0069,2,802.06,12.35
2725,O001083,P0423,5,508.42,12.59
2726,O001084,P0327,4,408.09,65.04
2727,O001085,P0196,5,955.06,3.05
2728,O001085,P0255,2,577.21,93.24
2729,O001085,P0006,1,351.81,23.04
2730,O001085,P0390,3,141.34,62.73
2731,O001086,P0016,2,56.16,64.54
2732,O001087,P0316,3,498.41,12.88
2733,O001087,P0481,2,130.88,61.01
2734,O001087,P0096,1,901.96,81.14
2735,O001087,P0263,3,885.74,80.28
2736,O001088,P0486,2,520.85,1.59
2737,O001089,P0015,1,181.77,93.53
2738,O001089,P0215,2,785.34,84.72
2739,O001089,P0489,4,806.6,69.26
2740,O001089,P0022,5,720.84,2.33
2741,O001090,P0300,5,510.01,43.57
2742,O001091,P0462,2,395.04,62.7
2743,O001091,P0069,3,228.35,55.89
2744,O001091,P0262,5,448.37,88.01
2745,O001092,P0467,4,976.88,62.34
2746,O001092,P0200,2,662.41,5.25
2747,O001092,P0071,2,844.91,2.3
2748,O001093,P0445,1,201.59,38.22
2749,O001094,P0142,4,668.76,44.72
2750,O001094,P0316,1,25.27,50.89
2751,O001094,P0390,2,723.82,25.64
2752,O001095,P0487,2,721.08,28.98
2753,O001095,P0386,1,130.81,45.96
2754,O001095,P0491,5,368.07,30.76
2755,O001096,P0184,5,883.88,95.73
2756,O001096,P0328,4,65.73,56.44
2757,O001097,P0202,2,498.49,80.78
2758,O001097,P0389,3,521.9,81.47
2759,O001098,P0339,3,157.76,89.09
2760,O001098,P0481,3,665.8,66.35
2761,O001098,P0085,2,719.74,90.11
2762,O001098,P0079,1,253.01,20.97
2763,O001099,P0219,5,539.83,29.8
2764,O001099,P0210,4,642.75,50.24
2765,O001099,P0143,5,330.71,55.17
2766,O001099,P0376,4,287.92,32.55
2767,O001100,P0119,3,363.84,20.07
2768,O001100,P0177,4,686.84,70.91
2769,O001100,P0473,5,507.92,62.27
2770,O001100,P0235,3,965.71,8.7
2771,O001101,P0198,3,687.07,98.28
2772,O001102,P0390,4,129.1,74.82
2773,O001102,P0317,1,498.09,25.72
2774,O001103,P0183,3,789.26,7.19
2775,O001103,P0224,3,317.57,11.16
2776,O001104,P0219,4,245.21,72.26
2777,O001104,P0106,1,357.45,50.43
2778,O001104,P0057,2,402.04,19.17
2779,O001104,P0378,1,334.01,47.54
2780,O001105,P0075,2,134.99,28.08
2781,O001105,P0111,5,312.26,66.28
2782,O001106,P0284,4,58.33,62.84
2783,O001106,P0356,3,58.82,8.28
2784,O001107,P0105,-3,204.57,30.0
2785,O001108,P0171,1,871.76,43.86
2786,O001109,P0270,3,405.14,98.68
2787,O001109,P0178,4,333.03,27.26
2788,O001110,P0079,3,893.57,4.09
2789,O001111,P0477,4,750.26,99.06
2790,O001111,P0025,2,632.84,74.94
2791,O001111,P0437,4,795.38,62.41
2792,O001111,P0354,1,161.63,53.07
2793,O001112,P0321,4,926.23,15.36
2794,O001112,P0022,5,179.01,8.55
2795,O001112,P0370,3,887.21,78.47
2796,O001113,P0011,5,676.84,45.4
2797,O001113,P0046,3,915.04,38.63
2798,O001114,P0311,3,377.07,47.77
2799,O001114,P0384,5,401.47,44.58
2800,O001114,P0012,5,832.88,83.01
2801,O001114,P0458,1,566.95,56.95
2802,O001115,P0234,5,488.44,37.03
2803,O001116,P0142,5,305.95,79.35
2804,O001116,P0174,5,213.95,10.03
2805,O001117,P0267,5,761.74,76.0
2806,O001117,P0173,5,666.33,47.59
2807,O001117,P0180,4,385.44,31.92
2808,O001118,P0167,-4,309.96,61.28
2809,O001119,P0393,3,437.59,47.08
2810,O001119,P0441,4,416.42,56.37
2811,O001120,P0137,1,770.0,85.86
2812,O001120,P0485,1,949.97,24.1
2813,O001121,P0304,3,469.17,12.5
2814,O001122,P0487,1,339.7,25.23
2815,O001123,P0315,2,961.33,24.04
2816,O001123,P0338,1,269.79,53.66
2817,O001123,P0483,2,371.63,96.19
2818,O001123,P0054,3,231.02,27.04
2819,O001124,P0274,3,335.51,64.87
2820,O001124,P0341,4,320.93,23.78
2821,O001124,P0495,2,379.15,55.27
2822,O001124,P0429,5,350.57,74.68
2823,O001125,P0257,4,106.74,40.88
2824,O001125,P0460,1,910.85,77.34
2825,O001125,P0061,3,778.93,41.05
2826,O001126,P0336,2,789.23,63.81
2827,O001126,P0010,-4,470.36,25.16
2828,O001127,P0253,1,672.75,48.91
2829,O001127,P0064,2,560.41,71.36
2830,O001127,P0022,5,523.02,21.68
2831,O001127,P0393,3,408.4,12.27
2832,O001128,P0199,2,109.77,7.78
2833,O001129,P0338,5,847.92,75.8
2834,O001129,P0482,4,389.39,57.28
2835,O001129,P0251,3,547.57,70.07
2836,O001130,P0349,5,106.89,90.39
2837,O001130,P0409,2,371.51,81.04
2838,O001131,P0473,5,589.52,44.52
2839,O001131,P0102,2,792.68,48.68
2840,O001132,P0408,3,362.49,52.72
2841,O001132,P0030,4,459.91,13.28
2842,O001133,P0496,3,221.49,80.08
2843,O001133,P0314,1,17.23,27.21
2844,O001134,P0439,5,316.79,49.25
2845,O001135,P0208,5,852.56,92.29
2846,O001135,P0396,3,729.91,41.4
2847,O001135,P0138,1,524.96,2.23
2848,O001136,P0345,1,723.71,80.46
2849,O001137,P0079,3,395.93,2.52
2850,O001137,P0176,2,189.66,99.17
2851,O001137,P0374,4,476.17,59.13
2852,O001137,P0410,3,77.63,88.64
2853,O001138,P0054,4,97.58,12.63
2854,O001138,P0408,2,804.24,7.56
2855,O001138,P0082,2,807.05,8.26
2856,O001138,P0405,1,645.49,56.76
2857,O001139,P0443,3,313.07,97.67
2858,O001139,P0136,3,632.89,27.28
2859,O001140,P0352,2,820.78,28.02
2860,O001140,P0050,1,799.32,68.75
2861,O001140,P0196,3,922.15,18.76
2862,O001141,P0106,3,557.09,64.81
2863,O001142,P0429,5,951.71,42.88
2864,O001143,P0460,1,286.66,49.67
2865,O001143,P0344,1,143.23,2.79
2866,O001143,P0268,1,251.39,24.29
2867,O001144,P0057,1,192.74,16.9
2868,O001144,P0006,2,203.64,50.82
2869,O001144,P0240,4,908.86,4.62
2870,O001145,P0248,4,441.14,97.13
2871,O001146,P0380,4,607.66,0.26
2872,O001146,P0353,4,839.95,63.65
2873,O001147,P0022,1,289.12,52.36
2874,O001147,P0026,5,660.2,10.3
2875,O001148,P0116,5,887.19,67.13
2876,O001148,P0336,4,335.22,40.06
2877,O001148,P0153,5,118.1,61.29
2878,O001148,P0368,4,907.15,75.27
2879,O001149,P0129,4,798.12,56.91
2880,O001150,P0067,1,342.93,66.2
2881,O001150,P0306,1,456.12,5.31
2882,O001150,P0443,5,380.03,57.39
2883,O001150,P0279,2,150.78,39.13
2884,O001151,P0061,4,961.12,92.23
2885,O001152,P0462,5,403.99,13.85
2886,O001153,P0002,2,149.19,11.31
2887,O001153,P0388,5,34.83,70.78
2888,O001153,P0142,4,519.26,14.16
2889,O001154,P0189,2,549.78,75.6
2890,O001154,P0430,3,625.34,8.27
2891,O001155,P0454,3,805.4,85.13
2892,O001155,P0471,4,261.18,57.39
2893,O001155,P0449,3,171.3,8.15
2894,O001155,P0392,1,97.54,91.09
2895,O001156,P0170,2,373.97,95.15
2896,O001156,P0290,5,582.41,93.17
2897,O001157,P0253,5,929.66,8.14
2898,O001157,P0099,4,42.33,41.08
2899,O001157,P0458,4,577.4,7.37
2900,O001158,P0048,-4,963.54,25.34
2901,O001158,P0324,2,559.73,32.08
2902,O001158,P0287,2,266.28,75.61
2903,O001159,P0444,4,670.56,85.77
2904,O001159,P0115,1,317.06,94.17
2905,O001159,P0233,5,679.56,66.83
2906,O001159,P0328,2,764.93,76.03
2907,O001160,P0136,2,584.34,42.02
2908,O001161,P0256,3,897.18,26.4
2909,O001161,P0001,3,309.17,28.09
2910,O001161,P0301,5,310.44,87.32
2911,O001161,P0112,4,845.26,54.14
2912,O001162,P0175,-4,846.67,16.22
2913,O001162,P0400,1,850.22,89.1
2914,O001162,P0368,3,890.87,80.27
2915,O001163,P0027,1,489.28,99.32
2916,O001163,P0452,4,455.08,28.99
2917,O001163,P0237,3,158.36,56.53
2918,O001163,P0199,4,686.29,21.01
2919,O001164,P0349,3,34.48,20.32
2920,O001164,P0133,1,957.07,38.02
2921,O001164,P0006,3,844.42,37.9
2922,O001165,P0266,4,140.89,40.98
2923,O001165,P0320,5,769.85,44.29
2924,O001166,P0192,4,473.7,75.69
2925,O001166,P0458,2,827.16,14.43
2926,O001166,P0302,2,191.9,74.54
2927,O001166,P0403,4,94.54,94.64
2928,O001167,P0284,3,601.1,17.24
2929,O001167,P0496,1,902.0,91.63
2930,O001168,P0099,2,687.57,77.63
2931,O001168,P0111,1,620.61,92.91
2932,O001168,P0012,3,789.62,81.44
2933,O001169,P0499,4,266.0,22.66
2934,O001170,P0336,4,139.21,34.1
2935,O001171,P0307,3,312.47,13.65
2936,O001171,P0367,3,836.3,3.3
2937,O001171,P0136,4,261.27,88.58
2938,O001171,P0273,5,484.09,94.71
2939,O001172,P0297,1,635.43,76.47
2940,O001172,P0132,5,175.05,35.01
2941,O001173,P0004,2,330.74,97.44
2942,O001173,P0155,4,970.92,36.52
2943,O001173,P0441,1,971.22,42.43
2944,O001174,P0348,5,188.62,22.87
2945,O001174,P0087,5,131.12,88.77
2946,O001174,P0461,4,102.1,96.88
2947,O001174,P0494,3,420.56,20.88
2948,O001175,P0290,5,529.24,48.4
2949,O001175,P0424,5,799.61,7.63
2950,O001176,P0409,3,414.6,57.63
2951,O001176,P0342,1,581.66,30.97
2952,O001177,P0100,-4,762.64,54.19
2953,O001178,P0166,-4,87.8,4.13
2954,O001179,P0041,3,158.56,2.12
2955,O001179,P0336,2,754.62,8.23
2956,O001179,P0188,4,947.64,6.68
2957,O001179,P0318,3,146.11,86.49
2958,O001180,P0138,1,411.73,13.16
2959,O001181,P0010,3,782.12,35.55
2960,O001181,P0293,4,452.84,27.58
2961,O001181,P0370,1,404.26,48.13
2962,O001181,P0278,3,932.68,80.5
2963,O001182,P0191,1,512.61,49.34
2964,O001182,P0111,2,403.92,70.72
2965,O001183,P0046,4,865.78,33.56
2966,O001184,P0249,2,84.72,74.15
2967,O001184,P0361,5,108.73,63.43
2968,O001185,P0370,1,115.79,43.23
2969,O001186,P0067,-2,356.89,57.15
2970,O001186,P0288,1,163.19,72.38
2971,O001186,P0117,3,707.98,96.95
2972,O001186,P0426,4,275.97,64.74
2973,O001187,P0259,4,169.91,90.95
2974,O001187,P0481,3,635.32,37.2
2975,O001188,P0432,1,218.9,60.44
2976,O001188,P0308,4,173.22,1.94
2977,O001188,P0480,4,464.9,69.6
2978,O001189,P0154,3,565.68,46.77
2979,O001190,P0198,5,138.98,60.13
2980,O001190,P0122,5,696.17,17.78
2981,O001191,P0474,4,649.31,70.83
2982,O001191,P0452,4,753.98,29.71
2983,O001191,P0453,3,349.18,30.43
2984,O001191,P0085,4,607.57,86.7
2985,O001192,P0463,4,412.04,71.1
2986,O001192,P0266,3,867.88,64.76
2987,O001192,P0293,2,56.41,80.61
2988,O001193,P0329,5,303.86,29.3
2989,O001193,P0493,5,60.06,3.06
2990,O001193,P0005,1,605.39,41.9
2991,O001194,P0213,4,136.17,87.9
2992,O001194,P0399,4,969.32,83.33
2993,O001194,P0305,2,162.25,3.31
2994,O001195,P0305,5,762.87,71.78
2995,O001195,P0323,3,974.8,91.24
2996,O001195,P0124,3,117.65,71.07
2997,O001195,P0094,4,402.04,91.14
2998,O001196,P0169,4,426.89,96.97
2999,O001196,P0325,1,75.12,26.59
3000,O001196,P0112,5,979.1,61.08
3001,O001197,P0084,4,166.34,53.87
3002,O001197,P0493,2,764.04,76.2
3003,O001197,P0213,5,912.48,48.13
3004,O001198,P0128,1,864.41,1.99
3005,O001198,P0394,2,913.65,74.18
3006,O001198,P0121,4,408.66,1.06
3007,O001198,P0289,2,25.74,3.79
3008,O001199,P0233,4,412.51,86.47
3009,O001200,P0258,3,494.0,84.2
3010,O001200,P0338,3,938.96,71.44
3011,O001200,P0128,3,133.69,61.92
3012,O001201,P0227,1,950.86,81.14
3013,O001201,P0116,3,625.75,30.58
3014,O001202,P0010,5,284.4,85.37
3015,O001202,P0406,5,991.43,34.68
3016,O001203,P0172,5,462.11,24.81
3017,O001203,P0114,5,253.81,93.43
3018,O001203,P0128,2,632.78,83.83
3019,O001203,P0118,2,428.87,10.15
3020,O001204,P0244,2,934.07,2.16
3021,O001204,P0098,5,717.43,45.86
3022,O001205,P0023,2,330.95,7.26
3023,O001206,P0068,2,333.39,81.89
3024,O001207,P0183,1,331.02,85.92
3025,O001207,P0490,1,966.69,63.4
3026,O001207,P0078,1,896.41,81.78
3027,O001207,P0202,3,312.49,7.87
3028,O001208,P0439,3,96.73,32.07
3029,O001208,P0019,5,941.97,77.07
3030,O001209,P0128,5,824.07,73.28
3031,O001210,P0381,1,230.98,68.86
3032,O001210,P0477,5,764.47,6.84
3033,O001210,P0355,4,502.24,75.65
3034,O001211,P0458,4,932.5,43.22
3035,O001211,P0264,2,635.49,13.15
3036,O001211,P0009,3,841.5,43.06
3037,O001212,P0039,2,674.64,87.26
3038,O001212,P0367,3,438.25,31.59
3039,O001212,P0001,1,463.62,93.95
3040,O001212,P0079,3,64.19,60.71
3041,O001213,P0342,5,655.61,59.56
3042,O001213,P0157,4,197.95,21.58
3043,O001213,P0478,-4,510.13,74.52
3044,O001213,P0023,5,87.86,28.45
3045,O001214,P0376,1,224.38,14.88
3046,O001214,P0286,5,107.18,59.39
3047,O001214,P0499,1,896.87,65.64
3048,O001214,P0285,4,527.77,40.76
3049,O001215,P0046,5,532.17,68.51
3050,O001215,P0024,4,993.08,62.77
3051,O001215,P0205,5,761.16,53.63
3052,O001215,P0091,2,528.77,1.2
3053,O001216,P0001,4,726.76,98.35
3054,O001216,P0484,1,866.15,44.74
3055,O001217,P0216,4,289.89,46.61
3056,O001217,P0365,2,783.26,95.94
3057,O001218,P0310,1,449.01,88.43
3058,O001218,P0292,5,377.52,64.15
3059,O001219,P0105,3,417.54,89.17
3060,O001219,P0135,3,568.66,94.38
3061,O001219,P0371,4,423.68,37.26
3062,O001220,P0044,4,430.74,35.43
3063,O001220,P0312,1,797.65,82.1
3064,O001220,P0128,2,926.87,8.94
3065,O001221,P0478,4,155.08,71.98
3066,O001222,P0493,3,352.64,33.13
3067,O001222,P0241,2,706.47,48.21
3068,O001223,P0051,1,384.74,68.75
3069,O001223,P0401,4,169.28,41.57
3070,O001224,P0345,3,162.16,85.21
3071,O001224,P0030,2,147.11,37.49
3072,O001224,P0013,3,661.6,99.68
3073,O001225,P0260,5,993.59,71.99
3074,O001225,P0282,5,844.5,56.8
3075,O001225,P0235,4,244.53,51.0
3076,O001226,P0201,3,222.41,20.22
3077,O001226,P0113,3,774.72,5.94
3078,O001227,P0115,5,319.74,61.51
3079,O001228,P0499,1,716.73,10.64
3080,O001228,P0330,5,418.65,99.04
3081,O001229,P0318,4,501.57,19.47
3082,O001229,P0409,1,383.82,14.53
3083,O001229,P0168,2,635.52,5.57
3084,O001229,P0020,2,138.34,89.66
3085,O001230,P0381,1,473.42,85.31
3086,O001230,P0041,1,662.7,51.87
3087,O001230,P0053,1,923.8,85.08
3088,O001231,P0007,5,343.45,41.28
3089,O001231,P0278,4,803.03,84.98
3090,O001232,P0270,5,557.79,77.13
3091,O001232,P0018,4,587.87,38.16
3092,O001233,P0072,4,478.9,61.15
3093,O001233,P0439,5,859.2,30.27
3094,O001234,P0410,1,977.31,69.41
3095,O001234,P0279,2,838.03,19.14
3096,O001235,P0121,2,467.4,30.02
3097,O001236,P0429,2,837.22,10.99
3098,O001237,P0195,2,634.99,81.22
3099,O001238,P0128,1,672.84,40.88
3100,O001238,P0136,4,459.66,78.25
3101,O001238,P0291,1,834.98,12.41
3102,O001239,P0316,5,133.94,31.53
3103,O001240,P0156,5,729.02,40.92
3104,O001240,P0109,5,296.57,96.88
3105,O001240,P0144,2,102.3,75.56
3106,O001240,P0484,5,859.29,85.49
3107,O001241,P0176,-3,922.41,69.74
3108,O001242,P0060,2,450.48,58.72
3109,O001242,P0231,1,48.17,36.12
3110,O001243,P0406,5,57.29,99.93
3111,O001244,P0339,4,819.35,45.88
3112,O001244,P0102,2,113.52,80.93
3113,O001244,P0200,3,279.05,47.38
3114,O001244,P0339,2,976.95,59.96
3115,O001245,P0014,4,230.26,85.79
3116,O001246,P0322,3,584.82,92.11
3117,O001246,P0310,5,943.14,24.69
3118,O001246,P0202,1,750.32,99.89
3119,O001246,P0418,3,633.77,96.35
3120,O001247,P0009,1,231.91,42.66
3121,O001248,P0034,3,705.79,55.65
3122,O001248,P0486,3,402.61,8.76
3123,O001248,P0274,1,606.54,64.4
3124,O001248,P0049,3,174.09,22.59
3125,O001249,P0011,4,70.82,44.08
3126,O001250,P0449,4,565.82,77.49
3127,O001250,P0303,5,278.91,25.23
3128,O001250,P0460,1,653.14,40.53
3129,O001250,P0028,-1,922.14,45.6
3130,O001251,P0228,1,491.42,95.58
3131,O001251,P0161,2,578.38,30.99
3132,O001251,P0418,2,990.33,3.7
3133,O001251,P0477,5,886.12,44.23
3134,O001252,P0143,1,619.93,17.02
3135,O001252,P0151,1,95.27,97.17
3136,O001252,P0304,3,428.65,27.93
3137,O001252,P0339,2,523.79,66.36
3138,O001253,P0083,3,236.52,98.56
3139,O001253,P0014,4,820.36,72.69
3140,O001253,P0001,3,877.67,75.71
3141,O001253,P0409,3,589.81,18.01
3142,O001254,P0198,3,720.46,95.72
3143,O001254,P0426,5,461.8,10.38
3144,O001254,P0291,4,870.36,76.33
3145,O001254,P0254,2,720.48,15.22
3146,O001255,P0434,5,530.79,85.78
3147,O001255,P0079,2,867.1,65.89
3148,O001256,P0048,5,268.17,7.82
3149,O001256,P0103,2,793.12,89.45
3150,O001256,P0200,4,445.92,3.34
3151,O001256,P0287,1,644.67,47.77
3152,O001257,P0065,3,127.26,71.71
3153,O001257,P0013,4,399.27,81.15
3154,O001258,P0202,3,309.24,20.86
3155,O001258,P0306,5,453.38,10.16
3156,O001259,P0003,3,848.49,23.08
3157,O001259,P0068,2,480.68,83.99
3158,O001259,P0203,1,403.56,74.74
3159,O001260,P0310,3,835.41,64.84
3160,O001260,P0474,-3,181.9,98.49
3161,O001261,P0402,1,958.84,81.9
3162,O001262,P0218,1,83.06,7.04
3163,O001263,P0404,2,259.85,77.13
3164,O001263,P0042,5,147.92,8.77
3165,O001263,P0345,-2,742.47,51.2
3166,O001263,P0156,2,669.35,37.55
3167,O001264,P0245,5,136.58,67.39
3168,O001265,P0341,1,269.78,12.49
3169,O001265,P0126,4,631.85,41.27
3170,O001266,P0036,3,609.85,12.64
3171,O001266,P0272,1,551.48,87.88
3172,O001266,P0385,1,90.8,72.72
3173,O001267,P0197,3,72.5,62.97
3174,O001267,P0080,2,197.69,26.18
3175,O001267,P0224,1,611.48,42.36
3176,O001267,P0321,2,613.39,6.61
3177,O001268,P0429,4,251.38,22.53
3178,O001268,P0366,5,575.85,22.81
3179,O001268,P0072,2,790.51,53.37
3180,O001268,P0467,4,110.68,38.05
3181,O001269,P0310,4,847.26,56.77
3182,O001269,P0161,2,193.16,61.49
3183,O001270,P0267,3,285.64,96.14
3184,O001270,P0374,4,546.71,50.73
3185,O001270,P0401,1,971.38,22.08
3186,O001271,P0363,-3,524.54,32.05
3187,O001271,P0431,4,340.6,70.25
3188,O001271,P0401,5,697.31,77.09
3189,O001271,P0086,4,782.2,53.06
3190,O001272,P0296,2,106.99,15.19
3191,O001273,P0240,4,176.62,41.25
3192,O001273,P0012,4,224.2,19.03
3193,O001273,P0275,5,798.34,17.52
3194,O001274,P0302,3,572.1,48.97
3195,O001274,P0497,2,917.78,57.13
3196,O001274,P0251,5,854.19,31.58
3197,O001275,P0330,1,817.96,25.49
3198,O001275,P0044,4,82.76,47.95
3199,O001275,P0494,2,923.19,1.18
3200,O001276,P0202,2,958.26,46.3
3201,O001276,P0083,4,371.12,55.56
3202,O001276,P0016,2,798.52,54.3
3203,O001276,P0128,3,41.75,94.77
3204,O001277,P0322,5,260.22,63.75
3205,O001277,P0115,2,961.93,83.86
3206,O001278,P0242,1,686.12,52.17
3207,O001278,P0326,2,446.96,71.63
3208,O001279,P0077,3,192.05,47.19
3209,O001279,P0230,1,846.5,55.04
3210,O001279,P0130,2,831.31,6.94
3211,O001280,P0221,4,764.41,20.93
3212,O001280,P0081,4,628.46,73.07
3213,O001281,P0364,3,29.29,95.7
3214,O001281,P0059,1,622.26,68.86
3215,O001281,P0066,3,434.98,17.29
3216,O001282,P0006,1,996.07,13.46
3217,O001283,P0382,3,657.65,23.09
3218,O001283,P0350,2,150.92,81.93
3219,O001284,P0170,2,808.81,57.43
3220,O001284,P0073,4,850.93,56.03
3221,O001284,P0213,5,712.37,22.11
3222,O001285,P0429,4,562.57,72.69
3223,O001285,P0106,-3,859.55,25.42
3224,O001285,P0033,3,943.44,38.95
3225,O001285,P0298,4,469.66,3.06
3226,O001286,P0170,3,556.8,9.99
3227,O001286,P0154,1,151.27,94.54
3228,O001286,P0301,2,138.3,9.59
3229,O001287,P0010,1,657.65,96.43
3230,O001287,P0362,4,421.55,73.08
3231,O001287,P0429,2,170.8,33.14
3232,O001288,P0069,2,664.05,97.96
3233,O001288,P0429,1,552.77,98.41
3234,O001289,P0472,3,278.3,5.73
3235,O001289,P0208,3,182.61,33.99
3236,O001289,P0024,2,773.87,8.69
3237,O001289,P0419,3,331.38,50.65
3238,O001290,P0361,2,547.86,53.83
3239,O001290,P0043,4,983.34,27.64
3240,O001290,P0122,-5,29.67,90.85
3241,O001290,P0274,3,891.99,50.75
3242,O001291,P0222,1,76.73,88.88
3243,O001291,P0068,3,186.31,99.17
3244,O001291,P0360,2,335.19,69.21
3245,O001291,P0187,3,600.29,18.1
3246,O001292,P0227,3,327.96,49.59
3247,O001292,P0046,5,115.91,18.84
3248,O001292,P0409,4,552.77,1.83
3249,O001293,P0498,3,151.37,87.4
3250,O001293,P0350,3,113.04,99.73
3251,O001293,P0457,1,850.38,96.8
3252,O001294,P0056,1,879.41,65.93
3253,O001294,P0398,2,213.05,37.89
3254,O001294,P0193,5,70.18,91.54
3255,O001294,P0222,2,683.95,7.03
3256,O001295,P0472,1,500.88,39.04
3257,O001295,P0383,1,253.95,83.71
3258,O001296,P0433,5,598.45,46.65
3259,O001296,P0479,3,58.15,78.31
3260,O001296,P0347,2,490.89,54.1
3261,O001296,P0452,5,830.44,51.34
3262,O001297,P0280,5,775.24,25.82
3263,O001297,P0240,2,401.97,24.27
3264,O001297,P0003,-5,475.56,49.64
3265,O001297,P0314,3,851.16,94.26
3266,O001298,P0351,3,901.65,65.94
3267,O001298,P0436,3,963.38,45.19
3268,O001298,P0088,5,746.38,13.54
3269,O001299,P0153,3,770.91,83.03
3270,O001299,P0201,5,40.68,80.03
3271,O001299,P0297,3,655.74,51.54
3272,O001300,P0237,5,814.25,70.4
3273,O001300,P0187,5,511.22,31.42
3274,O001300,P0473,5,675.21,32.99
3275,O001301,P0159,4,996.04,21.81
3276,O001302,P0490,1,696.49,5.68
3277,O001302,P0051,4,808.31,84.02
3278,O001302,P0049,4,881.36,68.61
3279,O001303,P0329,3,630.15,49.19
3280,O001303,P0299,5,165.15,19.07
3281,O001304,P0463,-3,197.2,58.16
3282,O001304,P0489,5,558.78,68.21
3283,O001304,P0115,1,96.13,99.97
3284,O001305,P0082,4,464.01,31.36
3285,O001305,P0146,3,626.84,15.59
3286,O001306,P0066,2,253.21,48.21
3287,O001307,P0314,3,336.44,3.34
3288,O001308,P0177,3,697.91,98.67
3289,O001308,P0077,1,46.38,41.11
3290,O001309,P0215,3,974.63,26.55
3291,O001309,P0410,3,475.41,39.16
3292,O001309,P0289,2,256.79,66.27
3293,O001309,P0076,1,482.83,73.24
3294,O001310,P0225,4,737.59,10.34
3295,O001311,P0465,2,978.64,64.91
3296,O001311,P0152,1,290.45,55.75
3297,O001312,P0480,2,264.1,36.97
3298,O001312,P0027,3,134.81,40.79
3299,O001312,P0256,3,503.43,76.82
3300,O001313,P0071,2,493.28,85.78
3301,O001313,P0308,2,71.1,67.84
3302,O001313,P0267,4,186.16,74.18
3303,O001314,P0370,4,664.08,81.96
3304,O001314,P0218,2,890.89,56.28
3305,O001315,P0289,2,449.68,94.89
3306,O001315,P0235,1,775.53,3.71
3307,O001316,P0035,1,956.62,67.82
3308,O001316,P0107,2,588.18,20.88
3309,O001316,P0235,3,442.06,47.56
3310,O001316,P0196,2,190.5,7.39
3311,O001317,P0419,2,238.9,73.47
3312,O001317,P0081,1,582.21,37.79
3313,O001318,P0173,-1,232.09,48.04
3314,O001318,P0214,2,51.7,5.57
3315,O001319,P0335,2,468.67,74.86
3316,O001319,P0028,2,322.4,62.04
3317,O001320,P0275,4,890.25,78.93
3318,O001320,P0032,5,406.23,15.07
3319,O001320,P0383,5,745.08,96.0
3320,O001321,P0284,4,62.49,29.11
3321,O001321,P0188,4,508.24,32.4
3322,O001322,P0433,4,572.19,81.85
3323,O001322,P0454,1,832.01,26.53
3324,O001322,P0132,2,917.65,99.93
3325,O001323,P0232,3,554.61,69.49
3326,O001323,P0464,4,540.98,1.41
3327,O001324,P0163,5,483.77,45.81
3328,O001325,P0464,4,618.67,50.01
3329,O001326,P0080,2,404.9,6.13
3330,O001326,P0408,5,989.01,89.36
3331,O001326,P0388,1,383.88,11.95
3332,O001326,P0101,-1,867.03,7.45
3333,O001327,P0374,1,720.06,54.27
3334,O001327,P0039,1,693.07,96.37
3335,O001327,P0242,4,969.72,57.72
3336,O001327,P0074,3,471.55,52.37
3337,O001328,P0135,2,142.2,68.47
3338,O001329,P0139,3,92.37,39.89
3339,O001329,P0310,1,94.74,61.68
3340,O001330,P0226,-5,12.74,70.25
3341,O001330,P0264,-4,781.65,68.52
3342,O001330,P0053,4,373.35,3.94
3343,O001331,P0029,1,476.58,28.52
3344,O001331,P0218,3,975.29,57.9
3345,O001331,P0232,4,702.39,64.81
3346,O001331,P0343,3,63.17,97.44
3347,O001332,P0293,1,925.9,5.12
3348,O001333,P0255,1,559.71,36.21
3349,O001333,P0025,-2,157.11,66.51
3350,O001333,P0352,5,764.98,62.67
3351,O001333,P0042,5,21.84,67.46
3352,O001334,P0405,3,607.02,26.9
3353,O001334,P0335,4,666.98,93.71
3354,O001334,P0217,2,328.08,86.71
3355,O001334,P0131,4,833.1,16.7
3356,O001335,P0349,4,619.37,74.2
3357,O001335,P0043,2,410.42,11.3
3358,O001336,P0482,4,795.41,67.99
3359,O001336,P0460,3,995.41,23.84
3360,O001337,P0408,4,754.08,74.16
3361,O001337,P0274,5,124.06,67.61
3362,O001338,P0164,1,350.07,76.68
3363,O001338,P0337,4,55.96,36.32
3364,O001338,P0201,3,521.05,7.88
3365,O001338,P0018,3,520.35,21.14
3366,O001339,P0146,5,737.13,67.38
3367,O001339,P0170,4,36.54,61.72
3368,O001339,P0094,5,265.85,76.49
3369,O001340,P0378,2,595.25,9.72
3370,O001340,P0493,1,66.19,70.11
3371,O001340,P0442,3,80.11,53.42
3372,O001341,P0313,4,558.36,99.55
3373,O001341,P0420,3,174.29,24.28
3374,O001341,P0257,5,669.35,5.23
3375,O001341,P0102,4,654.33,69.32
3376,O001342,P0076,1,660.07,41.86
3377,O001343,P0486,3,500.39,93.24
3378,O001343,P0170,1,303.54,82.62
3379,O001344,P0368,5,613.66,96.84
3380,O001344,P0350,3,262.83,72.88
3381,O001344,P0198,3,14.87,17.45
3382,O001344,P0491,2,112.66,72.11
3383,O001345,P0451,4,188.44,26.23
3384,O001345,P0256,1,342.59,4.74
3385,O001345,P0074,3,625.28,89.71
3386,O001346,P0430,4,433.58,91.95
3387,O001346,P0233,5,593.78,54.18
3388,O001346,P0170,4,300.26,32.94
3389,O001346,P0389,3,301.96,6.93
3390,O001347,P0313,1,926.94,13.62
3391,O001347,P0110,5,421.79,89.05
3392,O001347,P0493,1,606.05,18.2
3393,O001348,P0033,3,987.99,58.14
3394,O001348,P0128,3,520.77,2.72
3395,O001348,P0431,2,977.68,28.63
3396,O001348,P0125,3,427.71,78.83
3397,O001349,P0455,4,79.21,36.01
3398,O001349,P0070,5,708.2,70.12
3399,O001349,P0032,2,966.43,81.14
3400,O001350,P0130,4,523.28,86.64
3401,O001351,P0068,1,709.49,44.95
3402,O001351,P0028,3,221.05,44.0
3403,O001352,P0212,4,639.38,16.2
3404,O001352,P0448,3,358.62,18.81
3405,O001353,P0040,1,217.61,69.85
3406,O001354,P0286,5,905.04,53.96
3407,O001354,P0214,1,86.8,69.7
3408,O001354,P0442,3,515.55,51.36
3409,O001354,P0222,4,332.84,83.34
3410,O001355,P0085,5,632.19,55.1
3411,O001356,P0481,3,179.64,66.28
3412,O001356,P0300,5,51.09,92.53
3413,O001357,P0366,4,609.66,76.12
3414,O001357,P0456,2,164.76,69.27
3415,O001357,P0230,5,884.59,32.83
3416,O001358,P0113,2,841.34,16.76
3417,O001359,P0387,1,866.23,20.96
3418,O001359,P0107,2,868.79,94.46
3419,O001359,P0151,5,135.51,44.25
3420,O001359,P0070,4,433.2,54.16
3421,O001360,P0271,2,468.14,37.87
3422,O001360,P0077,1,16.23,99.39
3423,O001360,P0116,4,832.85,43.76
3424,O001361,P0341,1,541.57,82.39
3425,O001362,P0387,3,759.18,95.6
3426,O001362,P0176,3,891.8,17.35
3427,O001362,P0436,2,840.83,49.97
3428,O001363,P0110,1,346.26,35.65
3429,O001364,P0065,2,778.19,22.06
3430,O001364,P0177,2,817.66,81.01
3431,O001364,P0084,1,790.77,4.18
3432,O001364,P0173,2,297.45,41.05
3433,O001365,P0457,5,916.35,45.82
3434,O001365,P0054,1,421.41,97.11
3435,O001366,P0216,3,641.26,86.42
3436,O001367,P0201,4,842.99,98.65
3437,O001367,P0006,3,304.05,96.53
3438,O001367,P0460,5,271.91,67.11
3439,O001367,P0107,4,195.54,17.83
3440,O001368,P0309,2,336.99,53.47
3441,O001369,P0435,-1,429.01,16.17
3442,O001369,P0161,5,586.86,59.28
3443,O001369,P0216,3,281.84,48.82
3444,O001369,P0305,1,329.8,5.92
3445,O001370,P0490,1,252.49,51.17
3446,O001370,P0485,1,509.51,9.11
3447,O001371,P0127,2,362.3,54.97
3448,O001371,P0455,1,552.63,99.82
3449,O001371,P0009,1,947.18,36.6
3450,O001371,P0144,2,839.33,19.77
3451,O001372,P0326,-4,659.38,49.1
3452,O001372,P0037,5,998.0,92.6
3453,O001372,P0338,3,624.78,46.27
3454,O001372,P0152,5,359.92,49.46
3455,O001373,P0500,5,374.17,89.1
3456,O001373,P0123,3,691.45,38.67
3457,O001373,P0043,5,448.68,30.04
3458,O001374,P0287,3,232.01,34.5
3459,O001374,P0068,2,741.68,66.28
3460,O001374,P0478,3,71.09,45.31
3461,O001375,P0161,1,105.32,6.71
3462,O001375,P0427,2,908.6,49.14
3463,O001376,P0412,3,212.46,78.95
3464,O001376,P0198,2,767.38,88.17
3465,O001376,P0263,4,733.34,54.69
3466,O001377,P0374,1,368.75,85.82
3467,O001377,P0047,2,787.92,73.78
3468,O001377,P0147,3,19.51,70.22
3469,O001378,P0330,4,837.14,78.6
3470,O001378,P0091,5,799.24,8.85
3471,O001379,P0338,3,173.12,47.82
3472,O001380,P0363,5,36.64,92.51
3473,O001380,P0130,4,97.66,80.05
3474,O001380,P0167,2,309.46,0.82
3475,O001381,P0155,1,743.6,72.99
3476,O001382,P0364,3,373.22,6.87
3477,O001382,P0352,2,627.18,69.19
3478,O001383,P0045,4,193.78,23.92
3479,O001383,P0060,2,159.23,77.33
3480,O001383,P0357,5,710.67,50.25
3481,O001383,P0149,2,596.14,30.53
3482,O001384,P0487,2,606.32,55.61
3483,O001385,P0212,5,309.0,36.05
3484,O001386,P0056,1,679.34,86.89
3485,O001386,P0036,1,673.99,19.22
3486,O001387,P0357,5,214.83,44.23
3487,O001387,P0221,2,882.19,62.6
3488,O001387,P0154,4,974.06,71.15
3489,O001387,P0044,1,21.23,65.52
3490,O001388,P0260,5,795.25,47.91
3491,O001389,P0016,3,120.89,72.22
3492,O001390,P0128,1,279.71,79.9
3493,O001390,P0015,5,958.57,7.66
3494,O001391,P0424,4,718.4,45.38
3495,O001391,P0441,2,656.49,15.2
3496,O001391,P0388,1,748.92,11.77
3497,O001391,P0340,1,502.49,64.25
3498,O001392,P0437,1,675.12,97.66
3499,O001393,P0354,3,757.49,97.66
3500,O001394,P0294,2,615.93,85.97
3501,O001395,P0446,1,467.04,1.37
3502,O001395,P0207,5,914.86,86.27
3503,O001396,P0126,4,862.68,13.69
3504,O001396,P0237,2,68.67,49.32
3505,O001396,P0005,3,783.54,58.0
3506,O001396,P0025,1,563.84,19.79
3507,O001397,P0433,2,40.31,75.26
3508,O001397,P0399,3,496.01,28.53
3509,O001398,P0088,5,250.97,33.51
3510,O001398,P0253,1,194.64,52.46
3511,O001399,P0073,5,689.04,55.04
3512,O001399,P0183,3,323.2,87.03
3513,O001399,P0059,2,895.22,95.48
3514,O001400,P0266,2,863.31,77.83
3515,O001401,P0288,4,909.79,54.78
3516,O001401,P0450,4,566.97,63.49
3517,O001402,P0017,2,265.52,23.54
3518,O001402,P0266,3,318.09,42.11
3519,O001403,P0246,5,944.29,26.57
3520,O001403,P0393,4,97.45,3.86
3521,O001403,P0171,2,351.76,16.87
3522,O001404,P0063,4,267.55,51.34
3523,O001404,P0057,1,751.8,26.94
3524,O001404,P0092,1,548.61,70.67
3525,O001404,P0457,2,77.76,41.41
3526,O001405,P0198,1,918.26,85.97
3527,O001405,P0265,4,611.5,39.97
3528,O001405,P0175,1,346.39,63.06
3529,O001405,P0466,4,265.62,74.15
3530,O001406,P0131,4,925.65,94.31
3531,O001406,P0046,2,988.75,80.7
3532,O001407,P0347,3,279.96,68.6
3533,O001407,P0434,3,570.94,67.46
3534,O001408,P0004,-1,852.71,9.27
3535,O001408,P0071,4,160.67,77.54
3536,O001408,P0193,2,801.86,47.16
3537,O001408,P0354,3,107.99,85.72
3538,O001409,P0272,2,239.44,36.77
3539,O001409,P0167,1,839.35,63.1
3540,O001409,P0300,1,201.74,2.94
3541,O001409,P0209,5,686.14,90.69
3542,O001410,P0097,5,417.74,69.32
3543,O001411,P0418,1,532.41,25.19
3544,O001411,P0382,3,961.6,81.3
3545,O001411,P0216,-1,180.99,48.7
3546,O001412,P0364,5,132.87,81.13
3547,O001412,P0131,5,292.23,74.88
3548,O001412,P0151,4,146.81,8.45
3549,O001413,P0067,3,479.9,16.86
3550,O001413,P0058,1,420.76,93.02
3551,O001413,P0229,1,212.65,30.6
3552,O001413,P0146,5,700.15,31.89
3553,O001414,P0061,2,817.95,71.16
3554,O001414,P0084,5,428.34,90.94
3555,O001415,P0350,1,853.72,5.3
3556,O001415,P0285,-4,966.3,10.34
3557,O001415,P0336,5,344.46,40.5
3558,O001415,P0123,1,50.54,27.06
3559,O001416,P0358,5,921.79,28.84
3560,O001416,P0180,2,776.13,78.72
3561,O001416,P0110,5,488.56,67.45
3562,O001417,P0338,3,497.02,99.35
3563,O001417,P0025,1,919.12,41.46
3564,O001417,P0327,3,461.78,71.1
3565,O001417,P0175,1,522.48,12.99
3566,O001418,P0492,5,474.06,3.75
3567,O001419,P0480,1,12.01,72.77
3568,O001419,P0214,1,128.07,30.07
3569,O001419,P0196,4,715.44,8.17
3570,O001420,P0124,5,69.75,57.66
3571,O001421,P0393,3,308.95,91.83
3572,O001421,P0417,2,771.92,51.62
3573,O001421,P0392,5,343.12,71.04
3574,O001422,P0343,4,488.02,29.24
3575,O001422,P0029,4,474.07,56.05
3576,O001423,P0089,2,340.99,9.48
3577,O001424,P0282,5,969.22,75.5
3578,O001425,P0300,4,69.8,40.91
3579,O001425,P0010,4,156.92,43.04
3580,O001425,P0111,2,830.66,64.66
3581,O001425,P0210,3,314.36,75.8
3582,O001426,P0001,1,830.82,18.89
3583,O001426,P0388,-4,751.77,84.28
3584,O001427,P0126,4,492.54,77.67
3585,O001428,P0481,4,584.24,16.42
3586,O001428,P0407,4,754.94,3.51
3587,O001428,P0259,5,278.61,15.46
3588,O001428,P0156,4,545.42,86.52
3589,O001429,P0031,5,853.9,79.84
3590,O001429,P0203,3,323.5,13.32
3591,O001430,P0142,4,98.91,59.81
3592,O001430,P0229,2,997.96,27.14
3593,O001430,P0002,4,860.51,80.65
3594,O001430,P0392,2,141.05,14.92
3595,O001431,P0204,4,615.34,97.67
3596,O001431,P0433,1,745.76,66.33
3597,O001432,P0475,3,377.5,44.33
3598,O001432,P0467,-2,718.59,3.3
3599,O001432,P0420,4,265.33,76.06
3600,O001433,P0222,2,519.79,14.66
3601,O001433,P0205,2,747.19,36.81
3602,O001433,P0286,2,208.1,76.01
3603,O001433,P0013,5,71.23,79.86
3604,O001434,P0393,4,414.11,93.07
3605,O001434,P0223,2,238.24,99.29
3606,O001435,P0182,2,700.18,15.93
3607,O001435,P0072,5,896.26,83.29
3608,O001436,P0096,4,343.65,57.97
3609,O001436,P0415,1,237.13,47.15
3610,O001437,P0300,1,319.07,65.5
3611,O001438,P0229,1,21.03,19.75
3612,O001438,P0101,2,685.97,63.23
3613,O001438,P0264,5,218.44,28.09
3614,O001439,P0331,1,492.0,54.74
3615,O001439,P0113,1,445.49,59.24
3616,O001439,P0352,3,680.76,47.75
3617,O001439,P0198,4,544.95,89.36
3618,O001440,P0362,3,362.98,30.25
3619,O001440,P0251,2,669.03,53.94
3620,O001440,P0343,2,165.77,28.94
3621,O001440,P0075,3,632.95,45.03
3622,O001441,P0316,5,212.14,72.58
3623,O001441,P0285,2,221.25,80.28
3624,O001441,P0234,1,617.47,60.72
3625,O001441,P0347,5,219.11,69.34
3626,O001442,P0305,2,514.71,75.76
3627,O001443,P0400,3,89.89,68.49
3628,O001443,P0006,1,402.16,43.44
3629,O001443,P0344,5,769.74,40.33
3630,O001443,P0153,4,499.27,47.1
3631,O001444,P0273,5,434.28,14.23
3632,O001444,P0316,5,98.14,73.07
3633,O001444,P0095,2,317.32,85.65
3634,O001445,P0167,2,358.94,75.94
3635,O001445,P0227,2,302.01,57.28
3636,O001445,P0310,4,264.6,33.68
3637,O001445,P0103,5,560.77,34.79
3638,O001446,P0399,4,665.9,36.8
3639,O001446,P0263,1,495.69,3.13
3640,O001446,P0047,2,25.54,14.65
3641,O001447,P0193,2,229.23,74.29
3642,O001447,P0200,2,660.24,46.12
3643,O001447,P0374,2,212.46,91.81
3644,O001447,P0110,4,602.41,6.53
3645,O001448,P0298,1,132.6,60.32
3646,O001448,P0221,3,402.37,97.02
3647,O001448,P0107,1,976.4,74.59
3648,O001448,P0474,4,757.9,77.35
3649,O001449,P0315,4,369.44,93.94
3650,O001449,P0221,1,797.01,78.69
3651,O001450,P0050,5,919.27,29.26
3652,O001451,P0147,5,356.57,49.08
3653,O001451,P0215,2,440.98,57.46
3654,O001451,P0253,3,794.85,68.87
3655,O001452,P0282,5,883.36,74.42
3656,O001452,P0484,3,576.87,65.92
3657,O001453,P0045,4,557.59,44.25
3658,O001453,P0227,3,99.67,52.87
3659,O001453,P0228,5,280.7,81.53
3660,O001453,P0420,3,409.24,31.89
3661,O001454,P0081,5,749.44,5.78
3662,O001454,P0441,2,574.94,59.17
3663,O001455,P0312,3,952.78,16.54
3664,O001455,P0448,2,239.87,25.11
3665,O001455,P0091,4,996.78,18.67
3666,O001455,P0200,1,41.87,23.51
3667,O001456,P0280,-1,54.56,33.01
3668,O001456,P0149,3,387.94,0.07
3669,O001456,P0031,3,219.82,40.24
3670,O001456,P0221,4,737.31,58.28
3671,O001457,P0091,4,124.63,33.8
3672,O001458,P0208,5,701.76,97.9
3673,O001458,P0364,5,507.68,92.62
3674,O001459,P0023,5,51.98,82.85
3675,O001460,P0114,3,222.71,37.28
3676,O001461,P0418,-4,231.19,31.38
3677,O001461,P0014,1,175.68,33.87
3678,O001461,P0266,4,21.45,99.15
3679,O001461,P0439,1,301.36,35.38
3680,O001462,P0048,1,912.11,55.89
3681,O001462,P0335,4,810.34,59.77
3682,O001462,P0297,5,124.78,91.33
3683,O001462,P0183,3,342.68,57.56
3684,O001463,P0225,5,90.67,43.31
3685,O001463,P0004,4,540.91,64.2
3686,O001464,P0363,5,171.31,83.56
3687,O001464,P0489,5,783.6,93.58
3688,O001465,P0467,1,704.97,60.02
3689,O001465,P0303,1,227.8,81.28
3690,O001465,P0144,1,580.72,16.32
3691,O001466,P0483,1,861.01,80.84
3692,O001466,P0484,1,992.11,21.32
3693,O001467,P0268,4,560.11,38.54
3694,O001468,P0199,3,405.43,6.83
3695,O001468,P0404,2,976.57,13.13
3696,O001468,P0470,1,68.95,38.83
3697,O001468,P0220,3,324.82,67.38
3698,O001469,P0221,1,57.59,64.32
3699,O001469,P0063,5,670.55,13.18
3700,O001470,P0475,5,229.44,5.93
3701,O001470,P0448,3,748.08,76.9
3702,O001471,P0078,1,228.95,79.07
3703,O001471,P0285,3,661.52,50.49
3704,O001472,P0361,1,393.03,10.77
3705,O001473,P0148,5,365.72,34.38
3706,O001473,P0387,1,58.46,21.72
3707,O001473,P0063,-4,410.9,27.41
3708,O001473,P0456,1,561.23,1.33
3709,O001474,P0449,4,545.7,7.54
3710,O001474,P0053,5,264.09,80.44
3711,O001474,P0140,5,430.6,32.57
3712,O001475,P0016,5,822.02,1.16
3713,O001475,P0467,3,506.49,41.4
3714,O001475,P0234,2,269.65,39.84
3715,O001476,P0469,5,834.76,57.15
3716,O001476,P0073,1,612.3,27.42
3717,O001477,P0337,2,25.92,62.03
3718,O001477,P0334,4,448.63,43.11
3719,O001477,P0346,3,763.48,53.37
3720,O001478,P0310,4,94.72,60.06
3721,O001478,P0050,3,396.84,85.67
3722,O001478,P0269,3,980.61,40.09
3723,O001478,P0345,4,715.08,89.01
3724,O001479,P0069,5,966.43,96.19
3725,O001479,P0413,4,451.53,38.81
3726,O001479,P0199,1,145.73,71.92
3727,O001480,P0098,-4,315.36,52.21
3728,O001480,P0205,3,877.37,59.45
3729,O001480,P0024,4,133.69,36.96
3730,O001480,P0382,2,496.16,68.38
3731,O001481,P0187,2,823.64,49.72
3732,O001482,P0481,2,156.04,14.8
3733,O001482,P0175,2,159.86,82.78
3734,O001483,P0165,-1,747.67,52.25
3735,O001483,P0200,5,879.78,45.26
3736,O001483,P0435,1,66.0,77.27
3737,O001483,P0465,1,734.83,22.77
3738,O001484,P0061,1,519.89,37.15
3739,O001484,P0314,-4,961.07,62.37
3740,O001485,P0065,2,728.35,71.11
3741,O001485,P0453,1,155.42,87.82
3742,O001485,P0456,3,746.73,72.55
3743,O001486,P0016,1,809.37,53.82
3744,O001486,P0136,4,697.72,80.04
3745,O001486,P0326,2,470.92,83.45
3746,O001487,P0077,3,105.7,11.48
3747,O001487,P0048,5,224.84,62.27
3748,O001488,P0008,5,960.51,80.4
3749,O001489,P0084,2,973.69,34.38
3750,O001489,P0316,4,757.27,43.52
3751,O001489,P0186,2,508.9,45.17
3752,O001489,P0446,3,353.36,12.75
3753,O001490,P0487,3,537.85,19.54
3754,O001490,P0077,4,321.42,29.54
3755,O001491,P0104,2,333.67,6.76
3756,O001491,P0348,4,561.53,18.66
3757,O001492,P0128,3,259.25,36.55
3758,O001493,P0082,5,17.04,26.2
3759,O001493,P0195,4,915.93,70.86
3760,O001494,P0254,5,306.24,70.68
3761,O001494,P0371,5,668.48,5.56
3762,O001495,P0351,3,843.58,21.51
3763,O001495,P0310,4,197.69,37.14
3764,O001495,P0049,2,660.1,3.45
3765,O001495,P0482,3,91.38,79.04
3766,O001496,P0420,-2,130.56,80.53
3767,O001496,P0147,1,361.92,59.09
3768,O001496,P0157,5,359.0,46.14
3769,O001497,P0305,2,797.74,85.02
3770,O001497,P0350,1,852.78,22.68
3771,O001497,P0403,2,584.82,45.09
3772,O001498,P0048,5,34.9,4.57
3773,O001498,P0155,2,234.02,30.15
3774,O001498,P0379,5,714.32,70.1
3775,O001498,P0321,5,78.13,53.07
3776,O001499,P0028,4,948.55,99.6
3777,O001500,P0303,1,161.91,60.7
3778,O001500,P0471,2,227.39,12.76
3779,O001501,P0488,5,920.63,21.44
3780,O001501,P0118,2,872.23,32.15
3781,O001501,P0451,5,444.58,28.98
3782,O001502,P0375,1,942.38,73.78
3783,O001502,P0203,5,560.02,30.97
3784,O001503,P0236,4,27.82,40.27
3785,O001503,P0391,4,359.72,1.25
3786,O001503,P0368,4,147.86,85.48
3787,O001503,P0062,5,866.8,18.1
3788,O001504,P0476,1,220.4,85.64
3789,O001504,P0276,4,173.38,55.56
3790,O001505,P0134,4,711.23,21.55
3791,O001505,P0006,2,907.25,72.19
3792,O001505,P0430,3,436.58,16.61
3793,O001506,P0495,4,403.12,88.74
3794,O001507,P0104,2,259.85,91.41
3795,O001507,P0267,2,813.26,27.71
3796,O001507,P0495,5,525.65,30.93
3797,O001508,P0496,3,268.77,11.84
3798,O001508,P0240,4,561.76,8.83
3799,O001508,P0364,1,728.58,22.55
3800,O001508,P0487,4,533.74,8.32
3801,O001509,P0474,3,367.82,98.49
3802,O001509,P0364,5,378.55,93.21
3803,O001509,P0127,2,504.64,75.47
3804,O001509,P0437,1,416.01,90.96
3805,O001510,P0091,3,493.97,46.12
3806,O001510,P0250,5,372.45,20.96
3807,O001510,P0107,5,835.11,30.86
3808,O001510,P0305,4,82.24,34.6
3809,O001511,P0410,5,304.8,43.24
3810,O001512,P0312,2,610.86,67.96
3811,O001512,P0059,4,369.69,2.76
3812,O001512,P0115,1,613.69,33.43
3813,O001512,P0158,5,290.23,74.94
3814,O001513,P0081,3,760.56,26.15
3815,O001513,P0045,5,12.51,72.61
3816,O001513,P0479,4,390.63,81.93
3817,O001513,P0361,3,609.54,31.19
3818,O001514,P0247,3,231.93,66.15
3819,O001515,P0481,4,576.57,46.18
3820,O001516,P0019,4,588.19,39.44
3821,O001516,P0390,1,201.73,18.12
3822,O001517,P0030,2,370.2,79.84
3823,O001517,P0082,5,896.85,91.12
3824,O001517,P0054,5,667.93,75.29
3825,O001518,P0228,3,621.88,15.7
3826,O001518,P0061,4,124.48,33.56
3827,O001518,P0495,5,471.88,49.91
3828,O001519,P0495,-4,590.38,50.8
3829,O001519,P0353,4,540.68,64.09
3830,O001520,P0388,1,528.51,67.36
3831,O001520,P0178,4,505.94,98.63
3832,O001520,P0419,4,921.23,59.12
3833,O001520,P0469,2,202.6,85.54
3834,O001521,P0027,3,176.53,20.08
3835,O001521,P0253,4,661.27,88.5
3836,O001521,P0414,3,873.16,26.38
3837,O001522,P0380,5,393.37,61.9
3838,O001522,P0498,5,448.19,7.83
3839,O001522,P0415,3,740.89,27.51
3840,O001523,P0332,3,45.72,63.85
3841,O001523,P0187,-3,248.92,49.52
3842,O001523,P0287,5,727.73,67.92
3843,O001523,P0162,5,879.71,64.17
3844,O001524,P0122,3,446.52,81.47
3845,O001524,P0483,3,42.21,96.78
3846,O001524,P0118,-5,536.77,19.87
3847,O001525,P0096,4,724.4,12.09
3848,O001525,P0156,4,976.26,52.49
3849,O001525,P0015,3,479.97,45.86
3850,O001526,P0001,3,724.49,38.63
3851,O001527,P0161,3,112.33,80.22
3852,O001527,P0265,2,238.16,53.3
3853,O001528,P0150,2,925.28,46.73
3854,O001528,P0404,4,954.38,39.41
3855,O001528,P0127,4,226.23,85.71
3856,O001528,P0101,2,824.01,57.04
3857,O001529,P0305,3,155.17,5.37
3858,O001529,P0418,5,79.12,87.71
3859,O001529,P0251,1,441.85,48.29
3860,O001529,P0448,5,600.36,11.5
3861,O001530,P0452,5,466.87,56.58
3862,O001530,P0101,4,995.89,86.3
3863,O001530,P0135,1,259.1,88.94
3864,O001531,P0485,3,478.33,59.0
3865,O001531,P0414,-3,912.17,66.87
3866,O001531,P0096,2,762.92,2.9
3867,O001531,P0241,4,340.78,75.62
3868,O001532,P0434,4,915.16,54.18
3869,O001533,P0123,2,884.22,39.91
3870,O001534,P0066,2,195.73,46.17
3871,O001535,P0267,5,965.74,96.0
3872,O001535,P0495,1,215.03,91.34
3873,O001535,P0257,4,451.44,33.45
3874,O001536,P0389,4,54.42,80.26
3875,O001537,P0016,3,820.48,26.73
3876,O001537,P0233,4,532.43,76.14
3877,O001537,P0375,3,276.22,96.9
3878,O001537,P0265,1,843.01,35.13
3879,O001538,P0169,4,663.33,69.01
3880,O001538,P0450,1,269.7,12.93
3881,O001539,P0006,5,197.25,86.69
3882,O001539,P0260,5,252.41,66.32
3883,O001540,P0486,3,91.88,49.24
3884,O001540,P0320,5,507.55,26.7
3885,O001540,P0456,3,51.23,56.2
3886,O001540,P0381,5,591.75,2.4
3887,O001541,P0455,1,378.03,0.51
3888,O001541,P0318,3,628.74,5.41
3889,O001542,P0467,2,652.48,89.89
3890,O001542,P0338,5,626.23,38.11
3891,O001542,P0308,-2,824.3,16.51
3892,O001543,P0205,3,359.1,96.91
3893,O001543,P0306,-2,646.24,11.73
3894,O001544,P0431,3,69.52,18.0
3895,O001544,P0084,4,35.5,14.6
3896,O001544,P0048,5,562.84,92.14
3897,O001545,P0103,1,87.6,94.74
3898,O001546,P0355,1,855.78,93.33
3899,O001546,P0029,2,307.95,87.45
3900,O001547,P0496,5,65.36,96.07
3901,O001548,P0230,5,225.34,51.62
3902,O001548,P0249,4,604.0,88.5
3903,O001548,P0482,5,750.98,27.09
3904,O001549,P0425,3,113.93,85.8
3905,O001549,P0075,5,860.97,18.78
3906,O001549,P0224,5,932.48,85.2
3907,O001550,P0095,1,872.11,36.51
3908,O001550,P0397,4,532.59,52.59
3909,O001550,P0174,1,595.83,24.37
3910,O001551,P0373,5,853.87,62.06
3911,O001552,P0233,3,393.8,67.52
3912,O001552,P0363,-3,764.58,51.25
3913,O001552,P0059,3,885.93,84.53
3914,O001553,P0336,5,262.75,40.72
3915,O001554,P0171,1,36.49,93.28
3916,O001554,P0185,4,353.2,35.23
3917,O001554,P0171,2,513.22,7.78
3918,O001555,P0069,5,667.41,44.66
3919,O001556,P0429,3,457.51,49.67
3920,O001556,P0295,4,875.14,36.99
3921,O001556,P0264,1,452.9,85.15
3922,O001557,P0316,4,48.15,49.35
3923,O001557,P0458,3,370.55,98.33
3924,O001558,P0214,5,467.23,26.52
3925,O001558,P0068,1,205.5,56.36
3926,O001558,P0251,4,126.24,32.99
3927,O001559,P0477,3,177.07,45.04
3928,O001559,P0376,4,793.32,37.56
3929,O001560,P0079,2,495.91,67.95
3930,O001561,P0033,3,942.49,81.7
3931,O001561,P0104,1,283.54,49.64
3932,O001561,P0145,1,960.78,33.64
3933,O001561,P0181,2,362.09,96.34
3934,O001562,P0491,4,131.8,99.21
3935,O001562,P0407,2,970.39,65.8
3936,O001562,P0028,4,564.89,78.23
3937,O001563,P0412,1,746.38,9.17
3938,O001563,P0368,5,60.31,20.09
3939,O001563,P0467,4,336.33,47.15
3940,O001564,P0368,2,583.29,58.31
3941,O001564,P0197,2,888.3,77.84
3942,O001564,P0125,5,871.64,66.82
3943,O001565,P0490,1,963.88,51.77
3944,O001565,P0331,5,682.42,97.95
3945,O001565,P0405,1,764.85,19.69
3946,O001565,P0190,1,842.81,17.32
3947,O001566,P0017,4,614.98,18.99
3948,O001566,P0482,2,574.96,24.3
3949,O001567,P0341,2,672.42,23.62
3950,O001568,P0336,5,994.34,6.28
3951,O001568,P0271,5,304.18,95.26
3952,O001568,P0386,4,758.36,77.29
3953,O001568,P0383,4,883.15,88.07
3954,O001569,P0154,1,517.38,9.27
3955,O001569,P0393,3,410.71,29.21
3956,O001570,P0212,2,313.88,84.82
3957,O001570,P0287,3,202.18,68.42
3958,O001570,P0307,2,822.23,40.65
3959,O001571,P0168,5,523.1,68.31
3960,O001571,P0423,5,856.19,27.26
3961,O001571,P0199,5,531.21,66.38
3962,O001571,P0132,3,390.18,60.99
3963,O001572,P0168,2,336.98,43.72
3964,O001572,P0101,3,618.9,1.02
3965,O001572,P0406,2,795.99,75.9
3966,O001573,P0302,3,394.71,41.83
3967,O001573,P0460,5,130.52,98.64
3968,O001573,P0296,2,783.69,14.59
3969,O001573,P0287,2,495.74,18.57
3970,O001574,P0118,2,491.11,55.8
3971,O001575,P0346,1,715.18,20.38
3972,O001575,P0155,4,709.78,98.94
3973,O001575,P0126,3,60.94,26.55
3974,O001576,P0352,3,802.08,88.95
3975,O001576,P0334,4,821.25,91.61
3976,O001576,P0236,3,507.39,56.16
3977,O001577,P0173,1,76.43,73.48
3978,O001578,P0134,4,642.76,94.06
3979,O001578,P0213,3,916.33,16.56
3980,O001578,P0055,1,262.81,43.44
3981,O001578,P0410,2,260.66,4.23
3982,O001579,P0351,2,515.0,44.31
3983,O001579,P0444,4,374.97,5.07
3984,O001579,P0295,3,101.76,97.1
3985,O001580,P0210,1,380.33,10.13
3986,O001580,P0437,2,551.86,4.97
3987,O001580,P0097,1,913.32,83.3
3988,O001581,P0105,4,194.31,49.0
3989,O001581,P0025,5,781.62,12.89
3990,O001581,P0001,2,408.19,92.01
3991,O001581,P0040,5,739.31,49.11
3992,O001582,P0309,3,90.71,26.73
3993,O001583,P0393,3,412.36,61.81
3994,O001583,P0068,1,478.35,70.33
3995,O001583,P0220,3,104.73,11.31
3996,O001583,P0463,3,980.31,82.16
3997,O001584,P0004,3,631.24,47.91
3998,O001585,P0220,1,86.04,59.53
3999,O001585,P0072,2,117.65,54.98
4000,O001585,P0412,4,936.5,82.31
4001,O001586,P0123,3,966.76,15.5
4002,O001587,P0065,2,449.04,24.89
4003,O001587,P0218,1,417.12,39.81
4004,O001587,P0104,1,407.69,90.43
4005,O001588,P0215,3,765.21,25.05
4006,O001588,P0077,3,426.78,94.02
4007,O001588,P0208,1,632.77,47.31
4008,O001589,P0161,2,121.61,0.77
4009,O001590,P0022,4,432.0,0.27
4010,O001590,P0396,4,80.29,17.78
4011,O001590,P0197,5,459.1,68.82
4012,O001591,P0187,2,801.44,18.76
4013,O001591,P0471,2,239.03,62.96
4014,O001592,P0376,3,586.93,31.97
4015,O001592,P0215,1,337.54,81.77
4016,O001592,P0097,4,153.83,10.83
4017,O001593,P0091,1,401.99,26.51
4018,O001593,P0322,5,929.56,33.09
4019,O001594,P0370,-5,44.18,6.88
4020,O001595,P0279,3,509.38,77.91
4021,O001596,P0098,1,291.59,77.47
4022,O001597,P0104,2,766.31,0.65
4023,O001597,P0189,4,702.9,19.35
4024,O001598,P0277,1,900.71,11.95
4025,O001599,P0230,2,42.67,64.68
4026,O001599,P0006,1,830.17,74.67
4027,O001599,P0420,4,192.1,70.38
4028,O001600,P0428,5,806.94,86.26
4029,O001600,P0048,5,454.59,84.06
4030,O001601,P0233,4,384.81,44.44
4031,O001601,P0049,1,498.64,73.95
4032,O001601,P0391,5,704.43,98.1
4033,O001602,P0302,3,93.12,37.84
4034,O001602,P0368,5,653.96,48.81
4035,O001602,P0193,2,294.65,49.96
4036,O001603,P0180,3,707.17,80.14
4037,O001603,P0446,3,361.39,14.92
4038,O001603,P0477,3,842.53,46.71
4039,O001604,P0004,4,580.78,39.2
4040,O001604,P0451,1,651.55,42.54
4041,O001604,P0298,2,665.02,16.01
4042,O001604,P0478,1,831.89,65.76
4043,O001605,P0263,1,862.13,2.0
4044,O001606,P0454,1,939.9,22.03
4045,O001607,P0302,5,285.55,57.18
4046,O001608,P0447,4,204.34,13.59
4047,O001609,P0177,2,929.78,80.23
4048,O001609,P0422,5,496.04,49.58
4049,O001609,P0344,1,592.78,13.41
4050,O001609,P0452,4,959.26,10.52
4051,O001610,P0396,4,737.9,90.88
4052,O001610,P0494,3,495.95,20.23
4053,O001610,P0186,3,396.44,79.82
4054,O001611,P0077,5,46.55,86.53
4055,O001612,P0123,2,856.93,72.93
4056,O001613,P0401,3,673.52,17.47
4057,O001613,P0183,1,114.78,46.7
4058,O001613,P0370,3,529.69,63.9
4059,O001613,P0062,2,555.49,73.08
4060,O001614,P0231,4,944.43,28.22
4061,O001614,P0192,4,864.68,61.42
4062,O001614,P0484,5,339.76,55.01
4063,O001614,P0191,2,392.76,57.87
4064,O001615,P0075,1,775.29,84.24
4065,O001615,P0357,5,386.17,25.42
4066,O001615,P0196,5,811.76,11.19
4067,O001615,P0493,1,589.42,18.91
4068,O001616,P0109,2,630.84,24.53
4069,O001616,P0111,5,49.21,64.14
4070,O001616,P0409,5,740.66,78.29
4071,O001617,P0432,2,338.17,42.35
4072,O001617,P0307,2,678.78,77.56
4073,O001617,P0259,4,132.65,18.63
4074,O001618,P0341,4,593.34,29.04
4075,O001618,P0119,3,574.88,16.52
4076,O001619,P0043,2,446.09,46.01
4077,O001619,P0478,4,17.99,24.43
4078,O001620,P0389,4,647.73,5.55
4079,O001620,P0355,3,663.57,72.48
4080,O001620,P0154,5,211.8,91.46
4081,O001621,P0164,2,214.33,24.76
4082,O001621,P0170,1,500.0,3.17
4083,O001621,P0496,5,464.83,5.02
4084,O001622,P0404,5,196.21,59.15
4085,O001622,P0181,3,991.89,18.65
4086,O001622,P0103,5,580.85,40.69
4087,O001623,P0413,4,525.65,31.54
4088,O001623,P0389,1,279.55,77.4
4089,O001623,P0140,5,273.36,10.62
4090,O001623,P0075,-1,859.53,77.95
4091,O001624,P0179,3,285.62,58.45
4092,O001624,P0001,1,115.74,52.46
4093,O001624,P0450,1,643.97,41.57
4094,O001624,P0110,5,959.79,76.27
4095,O001625,P0489,3,327.75,52.87
4096,O001625,P0040,5,109.74,32.5
4097,O001626,P0154,1,463.48,39.56
4098,O001626,P0429,1,417.92,84.16
4099,O001626,P0155,2,833.85,33.43
4100,O001626,P0084,3,13.21,17.79
4101,O001627,P0129,2,795.12,62.3
4102,O001628,P0292,2,291.65,49.02
4103,O001628,P0127,1,669.74,22.91
4104,O001629,P0471,4,952.16,62.42
4105,O001629,P0133,3,477.56,4.96
4106,O001629,P0408,1,793.5,92.63
4107,O001629,P0040,5,60.96,57.81
4108,O001630,P0173,1,142.13,25.98
4109,O001630,P0001,1,913.5,16.55
4110,O001630,P0205,1,76.7,51.46
4111,O001631,P0425,4,95.04,73.19
4112,O001631,P0099,3,226.15,19.71
4113,O001631,P0412,4,22.21,51.79
4114,O001632,P0357,3,761.43,31.95
4115,O001633,P0051,4,670.31,72.7
4116,O001634,P0169,5,185.9,80.3
4117,O001634,P0044,5,816.3,86.28
4118,O001635,P0299,3,911.38,27.03
4119,O001636,P0004,3,753.57,21.64
4120,O001637,P0298,4,197.67,12.1
4121,O001637,P0079,2,15.66,12.07
4122,O001637,P0016,2,116.99,30.2
4123,O001638,P0462,2,511.03,30.27
4124,O001639,P0258,4,518.35,52.06
4125,O001639,P0153,4,548.32,69.1
4126,O001639,P0482,2,801.3,12.46
4127,O001640,P0168,4,949.93,95.16
4128,O001640,P0140,4,696.91,57.67
4129,O001640,P0077,3,722.13,55.97
4130,O001640,P0051,1,198.78,51.74
4131,O001641,P0207,2,830.53,53.36
4132,O001641,P0121,2,296.92,54.31
4133,O001642,P0372,2,877.97,92.11
4134,O001643,P0245,2,835.29,62.97
4135,O001643,P0072,-2,320.0,93.73
4136,O001643,P0275,3,429.67,79.98
4137,O001643,P0016,4,317.83,13.46
4138,O001644,P0253,5,643.39,90.99
4139,O001644,P0466,4,475.07,5.18
4140,O001645,P0039,4,49.32,65.03
4141,O001645,P0432,2,691.27,2.05
4142,O001645,P0452,2,793.46,85.45
4143,O001645,P0417,1,805.86,59.83
4144,O001646,P0237,2,806.28,13.76
4145,O001646,P0178,3,296.45,6.47
4146,O001646,P0107,5,597.59,48.54
4147,O001646,P0489,4,755.91,71.33
4148,O001647,P0337,2,112.36,55.13
4149,O001647,P0465,5,387.51,19.17
4150,O001647,P0236,2,553.79,42.65
4151,O001648,P0378,4,919.43,27.42
4152,O001649,P0234,3,775.54,23.1
4153,O001649,P0189,5,583.03,7.08
4154,O001650,P0304,4,195.22,8.09
4155,O001651,P0363,3,472.9,5.7
4156,O001651,P0438,1,996.69,0.33
4157,O001652,P0286,-3,556.06,77.43
4158,O001652,P0338,3,582.09,61.2
4159,O001652,P0178,4,461.51,50.46
4160,O001652,P0037,4,245.3,93.44
4161,O001653,P0313,5,783.33,25.72
4162,O001653,P0143,3,750.77,16.29
4163,O001653,P0173,3,109.81,81.71
4164,O001654,P0314,1,76.65,29.41
4165,O001654,P0338,5,691.88,10.97
4166,O001655,P0255,1,315.54,10.73
4167,O001656,P0388,4,361.93,60.54
4168,O001656,P0129,3,74.24,23.74
4169,O001657,P0069,2,425.61,70.21
4170,O001657,P0239,5,869.69,95.78
4171,O001658,P0423,2,549.54,13.99
4172,O001658,P0455,1,794.53,52.63
4173,O001659,P0158,3,678.0,74.17
4174,O001659,P0489,3,822.89,7.06
4175,O001660,P0486,4,585.53,24.42
4176,O001660,P0112,4,79.63,30.58
4177,O001661,P0054,2,898.69,99.63
4178,O001661,P0499,5,248.33,81.64
4179,O001662,P0345,5,832.22,2.68
4180,O001662,P0411,5,28.53,70.5
4181,O001662,P0191,3,718.11,67.75
4182,O001663,P0079,2,311.51,70.64
4183,O001664,P0024,5,143.37,26.18
4184,O001665,P0282,1,475.88,44.56
4185,O001665,P0033,2,288.73,60.66
4186,O001665,P0438,4,20.64,66.47
4187,O001665,P0330,1,318.27,49.56
4188,O001666,P0067,2,113.43,41.14
4189,O001666,P0413,1,30.6,84.35
4190,O001667,P0150,-1,119.42,12.2
4191,O001668,P0382,3,460.66,30.35
4192,O001668,P0390,1,976.01,14.67
4193,O001668,P0306,2,960.5,42.33
4194,O001669,P0251,2,384.0,78.11
4195,O001669,P0308,5,892.31,55.93
4196,O001669,P0367,5,558.19,84.9
4197,O001669,P0244,4,738.19,91.78
4198,O001670,P0238,2,659.72,12.88
4199,O001671,P0273,5,971.25,22.32
4200,O001671,P0410,4,169.13,27.77
4201,O001672,P0185,2,125.74,25.29
4202,O001672,P0210,3,930.1,80.85
4203,O001672,P0405,1,461.68,72.42
4204,O001672,P0285,3,899.84,3.06
4205,O001673,P0021,3,255.5,63.37
4206,O001673,P0249,1,806.81,51.0
4207,O001673,P0292,5,114.98,98.45
4208,O001673,P0201,3,723.09,3.3
4209,O001674,P0393,3,243.18,18.27
4210,O001674,P0162,1,259.15,94.32
4211,O001674,P0434,2,426.27,45.61
4212,O001675,P0494,1,638.54,76.77
4213,O001675,P0337,2,286.31,5.52
4214,O001676,P0179,3,721.8,75.58
4215,O001676,P0480,3,761.73,3.6
4216,O001676,P0347,5,419.05,46.8
4217,O001677,P0410,2,114.79,92.5
4218,O001677,P0072,1,682.34,0.91
4219,O001678,P0317,1,317.25,75.98
4220,O001678,P0401,1,182.05,40.25
4221,O001678,P0252,4,542.04,1.56
4222,O001679,P0012,1,953.04,98.56
4223,O001679,P0248,5,91.0,41.84
4224,O001679,P0222,3,134.82,29.23
4225,O001680,P0289,1,553.13,47.0
4226,O001680,P0061,1,507.06,46.62
4227,O001680,P0081,1,333.04,77.66
4228,O001680,P0115,3,787.97,2.91
4229,O001681,P0193,2,662.81,77.27
4230,O001681,P0448,5,488.06,89.21
4231,O001682,P0030,2,268.17,96.05
4232,O001683,P0305,4,879.57,50.02
4233,O001684,P0294,3,169.24,46.71
4234,O001684,P0063,3,114.23,93.49
4235,O001685,P0219,1,770.13,28.84
4236,O001685,P0417,2,271.65,35.73
4237,O001686,P0404,3,133.45,46.37
4238,O001686,P0419,5,479.88,2.16
4239,O001686,P0389,3,465.69,19.78
4240,O001686,P0196,2,808.0,46.9
4241,O001687,P0071,3,322.05,87.53
4242,O001688,P0421,2,343.19,10.92
4243,O001688,P0429,1,920.96,2.7
4244,O001689,P0251,1,111.44,73.7
4245,O001689,P0402,5,42.72,87.11
4246,O001690,P0159,1,272.13,64.67
4247,O001690,P0225,4,657.45,94.62
4248,O001691,P0343,2,144.73,77.5
4249,O001691,P0210,1,117.58,68.54
4250,O001691,P0313,5,317.97,73.46
4251,O001692,P0436,1,828.76,31.46
4252,O001692,P0450,4,323.56,97.12
4253,O001692,P0369,4,644.74,36.87
4254,O001692,P0436,5,615.92,81.7
4255,O001693,P0099,1,142.23,34.73
4256,O001693,P0423,3,354.33,5.6
4257,O001693,P0378,2,933.62,33.33
4258,O001694,P0173,5,37.74,80.59
4259,O001694,P0255,3,718.91,50.85
4260,O001695,P0404,2,792.03,29.47
4261,O001695,P0144,2,706.71,47.34
4262,O001695,P0147,4,780.82,27.35
4263,O001695,P0301,4,252.83,30.61
4264,O001696,P0005,1,392.67,53.21
4265,O001696,P0200,5,304.67,43.44
4266,O001696,P0187,4,804.3,49.68
4267,O001697,P0334,5,866.69,65.32
4268,O001697,P0052,-4,148.32,2.21
4269,O001698,P0441,1,366.86,80.98
4270,O001698,P0309,3,440.71,9.26
4271,O001698,P0427,4,991.73,85.44
4272,O001699,P0381,2,260.34,3.11
4273,O001699,P0488,5,144.72,66.84
4274,O001700,P0064,4,688.78,77.39
4275,O001701,P0333,2,826.98,74.95
4276,O001701,P0346,5,638.28,50.85
4277,O001702,P0236,3,561.24,35.75
4278,O001702,P0403,2,852.65,59.15
4279,O001702,P0372,3,269.94,92.65
4280,O001703,P0459,5,360.8,62.32
4281,O001703,P0449,4,124.81,44.86
4282,O001703,P0253,2,712.53,28.79
4283,O001704,P0271,4,236.3,85.0
4284,O001704,P0083,3,221.14,96.5
4285,O001705,P0053,2,467.05,91.81
4286,O001705,P0393,3,669.65,97.85
4287,O001705,P0200,3,342.99,36.66
4288,O001705,P0194,1,239.09,7.95
4289,O001706,P0481,1,144.5,86.94
4290,O001707,P0083,5,47.48,77.49
4291,O001707,P0174,3,591.79,16.97
4292,O001708,P0461,4,425.8,48.15
4293,O001708,P0320,3,218.09,69.92
4294,O001709,P0451,2,462.24,73.14
4295,O001709,P0267,2,963.76,60.79
4296,O001710,P0177,1,128.5,1.19
4297,O001710,P0226,-4,759.02,6.77
4298,O001711,P0357,3,526.71,95.64
4299,O001711,P0196,5,971.54,92.64
4300,O001712,P0035,2,367.58,35.65
4301,O001712,P0014,2,362.54,0.43
4302,O001712,P0034,5,560.55,22.2
4303,O001713,P0108,1,842.88,46.71
4304,O001713,P0067,2,616.18,98.89
4305,O001713,P0380,3,318.23,33.99
4306,O001714,P0192,4,610.47,82.95
4307,O001714,P0211,1,548.67,1.85
4308,O001715,P0015,4,565.17,62.83
4309,O001716,P0063,2,527.22,84.53
4310,O001717,P0306,3,996.01,69.97
4311,O001717,P0020,5,140.09,20.97
4312,O001717,P0465,3,781.97,62.38
4313,O001718,P0185,3,451.02,62.11
4314,O001718,P0008,2,820.86,55.08
4315,O001718,P0223,5,865.09,88.6
4316,O001718,P0239,3,342.86,16.93
4317,O001719,P0478,1,33.78,44.37
4318,O001719,P0333,5,356.05,70.07
4319,O001719,P0350,4,545.8,94.95
4320,O001720,P0386,5,106.0,33.53
4321,O001721,P0225,5,184.22,24.81
4322,O001721,P0347,4,399.41,44.53
4323,O001721,P0174,5,113.34,91.13
4324,O001722,P0407,2,967.97,22.6
4325,O001722,P0340,5,330.71,4.6
4326,O001722,P0075,3,114.99,87.67
4327,O001723,P0310,2,871.12,85.83
4328,O001723,P0402,3,880.03,94.75
4329,O001723,P0496,4,43.18,55.59
4330,O001724,P0427,5,866.24,69.65
4331,O001724,P0229,3,278.03,7.54
4332,O001724,P0331,1,812.94,43.68
4333,O001724,P0149,2,950.12,50.4
4334,O001725,P0313,5,893.84,21.66
4335,O001725,P0496,4,168.51,57.5
4336,O001726,P0183,4,679.03,59.76
4337,O001727,P0480,3,444.15,1.46
4338,O001727,P0021,-4,487.65,58.92
4339,O001728,P0261,3,839.62,37.33
4340,O001728,P0222,5,900.94,90.28
4341,O001728,P0427,2,971.06,77.74
4342,O001728,P0486,2,728.01,46.96
4343,O001729,P0061,3,149.57,38.94
4344,O001729,P0038,4,162.76,24.92
4345,O001730,P0235,5,663.13,86.25
4346,O001731,P0120,5,150.44,30.49
4347,O001731,P0195,3,29.52,58.03
4348,O001731,P0171,1,917.7,81.12
4349,O001732,P0024,4,700.81,20.55
4350,O001732,P0138,2,82.44,91.02
4351,O001733,P0097,4,133.76,51.56
4352,O001733,P0275,4,274.3,89.0
4353,O001734,P0015,4,739.0,80.13
4354,O001734,P0256,4,279.63,37.73
4355,O001734,P0127,3,873.16,3.14
4356,O001734,P0376,1,595.34,72.96
4357,O001735,P0146,3,205.01,55.98
4358,O001735,P0327,1,827.67,90.32
4359,O001735,P0360,2,463.85,18.65
4360,O001735,P0457,1,483.23,48.98
4361,O001736,P0131,1,972.51,83.33
4362,O001736,P0269,4,157.75,76.03
4363,O001736,P0141,4,178.64,50.59
4364,O001737,P0372,1,736.67,50.31
4365,O001737,P0107,4,711.71,68.6
4366,O001738,P0070,1,212.9,21.88
4367,O001738,P0269,5,898.08,81.72
4368,O001739,P0403,1,33.57,46.1
4369,O001739,P0497,1,147.23,69.6
4370,O001740,P0133,3,923.77,35.11
4371,O001740,P0248,4,80.36,83.0
4372,O001740,P0487,3,470.01,69.57
4373,O001741,P0214,1,552.58,83.78
4374,O001741,P0051,5,407.85,81.88
4375,O001741,P0335,3,406.66,92.06
4376,O001741,P0205,4,932.89,81.64
4377,O001742,P0129,4,485.85,39.4
4378,O001742,P0005,5,505.13,73.74
4379,O001742,P0072,3,590.25,31.09
4380,O001742,P0037,3,496.1,6.2
4381,O001743,P0286,5,506.27,99.61
4382,O001743,P0380,4,283.12,16.66
4383,O001743,P0359,4,558.47,69.23
4384,O001743,P0088,4,598.96,53.62
4385,O001744,P0352,5,282.87,6.17
4386,O001744,P0213,4,862.23,43.18
4387,O001745,P0444,2,96.84,24.72
4388,O001746,P0098,1,999.83,82.08
4389,O001746,P0011,2,897.87,10.85
4390,O001747,P0011,5,406.48,25.16
4391,O001748,P0164,3,377.82,69.65
4392,O001748,P0202,3,113.3,7.48
4393,O001748,P0235,2,937.04,34.64
4394,O001749,P0232,3,958.07,87.97
4395,O001749,P0234,2,715.49,8.9
4396,O001750,P0204,3,955.69,91.39
4397,O001750,P0127,4,660.48,20.33
4398,O001751,P0129,5,77.61,65.33
4399,O001751,P0350,2,393.2,4.59
4400,O001751,P0384,1,587.32,11.08
4401,O001752,P0218,2,934.93,30.65
4402,O001752,P0486,4,176.44,19.59
4403,O001752,P0221,5,529.96,36.19
4404,O001752,P0303,1,463.0,43.41
4405,O001753,P0003,1,139.81,98.8
4406,O001754,P0030,1,682.88,99.68
4407,O001754,P0380,3,679.34,12.72
4408,O001754,P0490,1,663.8,15.88
4409,O001754,P0441,2,803.63,63.69
4410,O001755,P0375,3,798.54,17.15
4411,O001756,P0094,3,159.0,9.39
4412,O001756,P0112,3,635.85,23.58
4413,O001756,P0181,2,46.1,15.57
4414,O001757,P0166,2,248.18,53.85
4415,O001757,P0028,-3,646.77,31.39
4416,O001758,P0458,1,168.03,14.11
4417,O001758,P0098,3,755.49,34.65
4418,O001758,P0008,4,762.37,74.56
4419,O001759,P0264,2,63.57,58.43
4420,O001759,P0239,5,34.2,26.5
4421,O001760,P0104,3,95.18,90.73
4422,O001761,P0343,4,561.69,23.56
4423,O001762,P0067,2,758.93,48.9
4424,O001762,P0182,2,349.72,44.08
4425,O001762,P0228,1,363.4,94.7
4426,O001763,P0475,3,115.67,46.82
4427,O001763,P0200,1,412.22,10.58
4428,O001763,P0409,2,774.18,74.5
4429,O001764,P0237,5,710.72,83.23
4430,O001764,P0479,1,645.25,20.77
4431,O001765,P0292,2,60.03,15.76
4432,O001765,P0277,5,972.71,64.4
4433,O001765,P0457,3,295.14,44.65
4434,O001766,P0427,2,569.32,83.13
4435,O001766,P0443,5,52.97,44.99
4436,O001767,P0227,5,353.17,24.24
4437,O001768,P0472,3,96.66,28.78
4438,O001768,P0379,2,98.68,94.04
4439,O001768,P0018,2,834.9,70.62
4440,O001769,P0002,5,719.97,83.42
4441,O001769,P0449,2,223.43,26.7
4442,O001769,P0083,3,751.26,56.34
4443,O001770,P0076,5,164.75,76.01
4444,O001770,P0238,1,632.96,16.52
4445,O001770,P0257,4,246.59,15.72
4446,O001770,P0322,5,512.2,88.25
4447,O001771,P0247,5,115.36,60.16
4448,O001771,P0385,2,378.41,3.95
4449,O001771,P0461,1,69.4,42.3
4450,O001771,P0375,2,861.86,64.54
4451,O001772,P0146,4,408.46,55.15
4452,O001772,P0284,1,661.49,96.39
4453,O001772,P0141,1,805.39,63.77
4454,O001772,P0147,2,821.84,35.37
4455,O001773,P0422,5,773.51,33.42
4456,O001773,P0171,4,129.88,31.26
4457,O001773,P0388,2,77.31,98.93
4458,O001773,P0374,3,844.7,49.97
4459,O001774,P0290,3,367.32,57.99
4460,O001774,P0007,3,51.36,92.86
4461,O001774,P0230,2,746.52,15.34
4462,O001774,P0378,5,279.33,25.63
4463,O001775,P0082,-1,192.17,88.73
4464,O001775,P0136,3,345.13,48.0
4465,O001776,P0067,2,237.55,39.65
4466,O001776,P0146,1,152.48,42.96
4467,O001776,P0317,2,847.79,4.62
4468,O001777,P0080,2,187.15,55.96
4469,O001778,P0103,1,368.09,75.72
4470,O001779,P0086,2,611.28,36.93
4471,O001779,P0345,1,670.38,93.53
4472,O001779,P0069,5,561.42,2.56
4473,O001780,P0102,5,607.42,92.11
4474,O001780,P0109,4,662.64,65.63
4475,O001780,P0352,4,627.47,5.03
4476,O001780,P0160,4,310.41,43.09
4477,O001781,P0353,4,566.39,43.14
4478,O001781,P0290,1,637.44,21.04
4479,O001781,P0450,4,685.45,35.6
4480,O001781,P0172,1,583.49,33.42
4481,O001782,P0406,2,192.52,38.03
4482,O001782,P0468,2,780.28,32.74
4483,O001782,P0324,2,946.02,71.78
4484,O001782,P0420,4,720.44,71.16
4485,O001783,P0139,1,472.85,19.24
4486,O001783,P0129,2,876.49,97.81
4487,O001783,P0024,4,359.9,93.73
4488,O001783,P0381,3,392.47,54.68
4489,O001784,P0258,5,815.62,38.61
4490,O001784,P0490,5,476.17,97.98
4491,O001784,P0129,2,608.03,98.5
4492,O001784,P0349,1,935.79,75.92
4493,O001785,P0219,1,625.37,32.4
4494,O001785,P0154,1,280.34,85.01
4495,O001785,P0336,5,242.98,10.15
4496,O001786,P0203,-5,583.51,19.06
4497,O001786,P0035,4,806.46,64.54
4498,O001787,P0309,4,969.75,24.77
4499,O001787,P0002,5,100.15,67.34
4500,O001788,P0015,2,86.01,21.51
4501,O001788,P0093,5,40.77,62.72
4502,O001789,P0078,5,224.09,92.82
4503,O001789,P0203,2,640.79,68.57
4504,O001790,P0304,3,557.78,7.95
4505,O001791,P0063,1,553.77,91.51
4506,O001791,P0427,4,121.27,62.24
4507,O001791,P0435,-5,949.09,9.77
4508,O001791,P0164,4,404.86,57.53
4509,O001792,P0354,1,114.15,58.18
4510,O001793,P0176,4,844.47,88.36
4511,O001794,P0272,3,246.07,99.12
4512,O001794,P0247,5,122.6,91.31
4513,O001795,P0156,3,441.01,11.53
4514,O001795,P0030,4,898.93,69.0
4515,O001795,P0248,-4,149.23,96.74
4516,O001796,P0320,3,245.04,99.13
4517,O001797,P0104,5,290.2,71.34
4518,O001798,P0086,2,122.12,66.61
4519,O001799,P0308,1,871.73,21.47
4520,O001800,P0072,1,686.41,75.41
4521,O001800,P0197,2,168.58,14.76
4522,O001800,P0046,1,228.04,9.87
4523,O001801,P0149,5,173.97,95.46
4524,O001801,P0198,2,499.17,2.66
4525,O001801,P0259,1,119.71,80.32
4526,O001801,P0380,4,541.65,73.69
4527,O001802,P0171,2,196.91,39.7
4528,O001803,P0120,2,781.92,17.06
4529,O001803,P0154,1,92.83,68.58
4530,O001803,P0439,3,32.92,94.54
4531,O001804,P0040,3,612.25,28.1
4532,O001805,P0015,1,452.89,79.54
4533,O001806,P0164,5,172.18,29.12
4534,O001807,P0401,4,501.61,25.05
4535,O001807,P0026,4,736.5,55.91
4536,O001807,P0334,2,455.01,27.26
4537,O001807,P0174,3,934.43,23.23
4538,O001808,P0463,1,171.79,16.7
4539,O001808,P0125,5,930.55,13.75
4540,O001808,P0061,2,848.28,54.71
4541,O001809,P0056,-2,99.09,15.77
4542,O001809,P0219,2,896.44,84.98
4543,O001810,P0306,1,49.14,2.95
4544,O001811,P0033,1,75.48,46.91
4545,O001811,P0244,3,803.95,71.9
4546,O001811,P0202,4,278.8,35.16
4547,O001812,P0262,5,560.59,95.21
4548,O001812,P0490,1,787.57,25.46
4549,O001812,P0339,1,608.12,30.79
4550,O001812,P0042,3,940.63,54.24
4551,O001813,P0064,5,108.8,75.31
4552,O001814,P0256,3,797.77,40.21
4553,O001814,P0037,4,588.63,33.83
4554,O001814,P0378,3,38.7,48.39
4555,O001815,P0157,1,337.8,93.2
4556,O001815,P0239,4,760.8,4.01
4557,O001816,P0129,2,706.93,35.0
4558,O001816,P0259,2,875.24,44.04
4559,O001817,P0374,3,157.28,61.73
4560,O001817,P0330,3,692.82,53.21
4561,O001818,P0258,2,503.86,97.85
4562,O001818,P0449,2,950.11,21.5
4563,O001818,P0457,3,687.62,1.59
4564,O001818,P0418,3,616.28,57.53
4565,O001819,P0311,4,801.91,30.83
4566,O001819,P0147,4,273.9,67.73
4567,O001819,P0120,2,325.9,75.88
4568,O001819,P0123,3,606.78,55.31
4569,O001820,P0404,4,971.5,47.33
4570,O001820,P0444,3,233.49,23.47
4571,O001820,P0481,3,396.52,15.8
4572,O001820,P0100,1,253.38,77.95
4573,O001821,P0069,3,100.95,39.84
4574,O001822,P0176,3,185.28,87.37
4575,O001822,P0410,2,870.05,55.66
4576,O001823,P0236,2,41.83,27.59
4577,O001823,P0367,3,126.02,90.78
4578,O001824,P0149,2,934.68,8.41
4579,O001824,P0136,1,890.51,26.5
4580,O001824,P0329,5,295.93,76.53
4581,O001825,P0154,5,187.84,62.55
4582,O001826,P0057,4,900.24,7.46
4583,O001826,P0466,5,413.79,75.24
4584,O001826,P0129,5,664.02,28.83
4585,O001827,P0373,2,212.25,21.44
4586,O001827,P0452,5,500.88,76.47
4587,O001827,P0185,5,247.47,0.21
4588,O001827,P0062,4,268.48,98.16
4589,O001828,P0143,5,485.31,56.88
4590,O001829,P0239,1,814.64,55.77
4591,O001829,P0101,3,997.67,2.57
4592,O001830,P0154,2,905.05,23.86
4593,O001831,P0423,5,978.69,93.98
4594,O001831,P0025,3,987.91,63.57
4595,O001831,P0007,3,431.52,73.64
4596,O001831,P0372,5,36.22,80.9
4597,O001832,P0468,2,316.42,10.24
4598,O001832,P0408,2,73.22,91.29
4599,O001832,P0322,5,46.6,33.82
4600,O001832,P0396,4,273.6,8.35
4601,O001833,P0085,1,325.24,13.88
4602,O001834,P0001,1,910.68,76.15
4603,O001834,P0247,2,173.41,92.84
4604,O001835,P0328,5,142.33,92.55
4605,O001835,P0455,1,89.15,74.75
4606,O001835,P0073,5,378.21,85.05
4607,O001835,P0195,5,621.71,81.44
4608,O001836,P0084,5,42.1,6.17
4609,O001836,P0143,1,839.77,13.64
4610,O001836,P0244,-4,230.61,48.83
4611,O001836,P0274,2,918.18,6.77
4612,O001837,P0266,5,707.58,84.31
4613,O001837,P0308,5,280.53,97.53
4614,O001837,P0110,4,896.44,89.77
4615,O001838,P0175,5,321.25,47.79
4616,O001838,P0308,4,644.9,84.86
4617,O001839,P0009,4,474.36,71.99
4618,O001839,P0301,1,226.23,27.26
4619,O001840,P0144,-3,819.13,22.99
4620,O001841,P0414,2,439.31,2.54
4621,O001842,P0283,5,636.35,61.9
4622,O001842,P0008,4,856.05,41.91
4623,O001843,P0465,3,918.08,1.71
4624,O001843,P0042,4,799.23,8.71
4625,O001843,P0067,1,395.53,66.33
4626,O001844,P0147,3,915.73,52.64
4627,O001844,P0177,2,586.6,6.09
4628,O001844,P0311,3,636.87,32.17
4629,O001844,P0081,3,803.09,64.09
4630,O001845,P0484,4,594.8,3.81
4631,O001845,P0214,4,921.94,92.65
4632,O001845,P0115,3,490.98,85.97
4633,O001845,P0410,5,729.48,72.74
4634,O001846,P0088,3,943.74,93.82
4635,O001846,P0215,5,463.39,59.26
4636,O001847,P0413,1,331.37,16.99
4637,O001848,P0325,4,908.7,62.12
4638,O001848,P0434,5,992.14,32.78
4639,O001849,P0204,2,501.39,67.86
4640,O001849,P0289,5,620.39,14.22
4641,O001850,P0020,5,443.28,5.88
4642,O001850,P0176,3,574.65,8.21
4643,O001851,P0289,3,742.4,46.98
4644,O001851,P0356,3,547.92,6.92
4645,O001852,P0193,5,708.38,33.37
4646,O001852,P0037,5,319.17,72.3
4647,O001853,P0262,1,360.63,2.24
4648,O001853,P0454,2,413.54,6.89
4649,O001854,P0230,5,152.48,17.96
4650,O001854,P0309,4,894.17,18.86
4651,O001854,P0022,2,293.99,71.19
4652,O001854,P0044,5,806.4,80.54
4653,O001855,P0425,2,740.61,67.74
4654,O001856,P0150,5,288.56,52.91
4655,O001857,P0412,2,866.37,5.42
4656,O001857,P0323,2,608.84,19.92
4657,O001857,P0284,2,544.88,73.12
4658,O001858,P0477,1,421.35,72.49
4659,O001859,P0401,4,469.14,24.02
4660,O001859,P0489,4,461.58,31.12
4661,O001859,P0317,3,886.77,20.8
4662,O001859,P0170,5,807.86,69.58
4663,O001860,P0370,3,119.93,90.17
4664,O001860,P0105,2,578.46,37.15
4665,O001861,P0375,1,753.6,19.21
4666,O001861,P0485,2,879.99,20.58
4667,O001862,P0267,3,321.75,74.67
4668,O001863,P0193,-4,257.9,43.22
4669,O001864,P0145,1,720.13,31.98
4670,O001864,P0153,1,312.65,50.7
4671,O001864,P0478,4,936.9,97.86
4672,O001864,P0126,3,737.41,25.5
4673,O001865,P0428,4,892.56,45.36
4674,O001865,P0145,1,63.14,56.68
4675,O001866,P0342,2,43.24,22.89
4676,O001866,P0106,3,459.41,76.84
4677,O001866,P0093,2,541.64,53.07
4678,O001866,P0044,5,595.82,89.03
4679,O001867,P0043,5,390.25,72.52
4680,O001867,P0384,5,709.8,58.4
4681,O001867,P0202,3,660.24,29.32
4682,O001868,P0165,4,152.94,82.47
4683,O001868,P0038,1,968.85,16.99
4684,O001868,P0450,2,855.28,52.63
4685,O001869,P0131,5,498.77,0.93
4686,O001869,P0241,1,764.47,59.91
4687,O001869,P0064,3,894.36,30.13
4688,O001869,P0384,4,933.99,67.91
4689,O001870,P0389,4,645.26,34.37
4690,O001870,P0465,1,508.47,2.79
4691,O001871,P0461,1,713.97,82.87
4692,O001871,P0359,4,852.11,4.29
4693,O001871,P0051,2,229.34,29.81
4694,O001872,P0411,5,688.38,8.78
4695,O001872,P0166,3,844.6,48.78
4696,O001872,P0368,3,507.81,92.16
4697,O001872,P0390,2,565.93,39.96
4698,O001873,P0349,1,61.71,90.73
4699,O001873,P0261,4,79.53,35.86
4700,O001873,P0167,4,371.16,41.59
4701,O001874,P0213,1,564.08,58.23
4702,O001874,P0290,3,247.12,93.42
4703,O001874,P0209,2,642.83,34.16
4704,O001874,P0357,3,419.19,86.36
4705,O001875,P0172,2,421.17,18.79
4706,O001876,P0477,3,83.89,14.86
4707,O001876,P0035,4,597.52,8.15
4708,O001877,P0231,4,847.21,89.2
4709,O001877,P0359,5,878.58,57.97
4710,O001878,P0386,5,829.0,62.75
4711,O001878,P0044,4,575.94,92.97
4712,O001878,P0254,1,630.7,25.99
4713,O001879,P0426,4,989.34,18.04
4714,O001879,P0375,3,87.8,25.04
4715,O001880,P0069,1,487.85,40.54
4716,O001880,P0200,1,211.76,10.79
4717,O001881,P0442,5,430.99,46.67
4718,O001882,P0178,5,233.96,38.83
4719,O001883,P0007,2,419.1,34.83
4720,O001883,P0378,4,359.26,45.48
4721,O001883,P0149,4,174.54,60.8
4722,O001883,P0001,3,801.27,87.99
4723,O001884,P0082,2,474.09,1.85
4724,O001885,P0090,3,712.35,30.46
4725,O001885,P0407,4,331.63,68.35
4726,O001886,P0042,3,124.78,51.49
4727,O001886,P0125,-2,836.46,54.0
4728,O001887,P0342,5,985.12,96.66
4729,O001887,P0103,1,919.29,96.78
4730,O001887,P0049,1,659.3,16.36
4731,O001887,P0408,1,606.87,80.95
4732,O001888,P0202,4,236.25,65.09
4733,O001888,P0090,5,512.05,65.0
4734,O001889,P0168,4,585.7,27.99
4735,O001889,P0351,1,496.42,4.92
4736,O001890,P0016,5,834.28,49.06
4737,O001890,P0353,2,205.96,74.23
4738,O001891,P0379,2,349.52,84.54
4739,O001891,P0169,4,420.41,83.05
4740,O001892,P0425,1,785.84,24.95
4741,O001892,P0233,3,559.89,45.61
4742,O001892,P0440,1,775.14,32.98
4743,O001893,P0278,5,607.6,50.05
4744,O001893,P0307,2,956.64,23.8
4745,O001893,P0466,5,13.94,71.3
4746,O001894,P0240,1,447.3,41.37
4747,O001894,P0205,5,728.62,40.82
4748,O001894,P0430,3,352.92,50.81
4749,O001895,P0413,2,753.37,10.85
4750,O001895,P0337,5,276.2,92.9
4751,O001896,P0288,2,857.29,58.04
4752,O001897,P0382,2,816.25,74.04
4753,O001897,P0427,3,810.7,40.93
4754,O001897,P0452,4,245.34,54.23
4755,O001898,P0009,3,779.17,95.66
4756,O001898,P0299,1,852.31,69.74
4757,O001898,P0205,5,747.37,51.56
4758,O001898,P0289,2,700.0,97.3
4759,O001899,P0197,5,809.0,92.37
4760,O001899,P0045,5,162.69,45.97
4761,O001899,P0288,4,777.25,67.14
4762,O001900,P0253,1,539.56,99.52
4763,O001900,P0343,4,148.46,90.24
4764,O001900,P0365,2,222.52,93.98
4765,O001900,P0081,1,21.29,91.3
4766,O001901,P0220,4,978.72,44.29
4767,O001901,P0228,1,231.31,77.43
4768,O001901,P0459,5,381.58,42.05
4769,O001901,P0052,1,583.51,69.65
4770,O001902,P0167,4,495.48,28.7
4771,O001902,P0251,2,483.53,31.76
4772,O001902,P0104,4,605.03,7.59
4773,O001903,P0485,-5,745.27,34.17
4774,O001903,P0335,4,537.35,74.63
4775,O001903,P0026,2,757.5,51.75
4776,O001904,P0436,5,169.22,21.23
4777,O001904,P0302,1,802.8,42.24
4778,O001904,P0140,4,984.59,77.74
4779,O001904,P0289,1,334.5,5.17
4780,O001905,P0198,1,130.93,31.55
4781,O001906,P0037,1,917.2,67.15
4782,O001906,P0266,1,511.4,32.02
4783,O001906,P0389,4,712.0,63.08
4784,O001906,P0433,4,407.87,57.25
4785,O001907,P0054,5,218.56,57.44
4786,O001908,P0035,5,528.44,14.35
4787,O001908,P0180,2,300.86,93.25
4788,O001908,P0336,5,795.02,17.51
4789,O001909,P0463,1,587.1,4.18
4790,O001910,P0383,5,24.26,29.38
4791,O001910,P0423,5,189.63,56.47
4792,O001910,P0421,5,593.73,72.87
4793,O001911,P0278,2,712.61,67.94
4794,O001911,P0221,4,45.91,63.28
4795,O001912,P0164,5,897.31,83.75
4796,O001912,P0426,2,316.64,64.77
4797,O001913,P0237,5,293.9,66.91
4798,O001913,P0052,-2,515.43,40.75
4799,O001913,P0292,2,667.86,63.36
4800,O001913,P0093,4,390.98,38.19
4801,O001914,P0179,1,934.07,55.92
4802,O001914,P0114,5,231.03,86.71
4803,O001915,P0029,4,347.71,82.92
4804,O001916,P0304,4,145.23,70.43
4805,O001916,P0070,5,765.61,87.46
4806,O001916,P0272,1,970.42,99.1
4807,O001916,P0139,3,43.16,50.35
4808,O001917,P0007,2,217.12,1.3
4809,O001917,P0247,4,119.66,87.19
4810,O001918,P0242,3,665.77,17.5
4811,O001918,P0451,3,470.68,18.93
4812,O001919,P0213,3,481.86,25.88
4813,O001919,P0382,3,316.08,22.89
4814,O001919,P0182,3,448.97,30.04
4815,O001919,P0486,3,825.36,53.18
4816,O001920,P0336,2,845.2,60.35
4817,O001920,P0418,1,525.42,94.83
4818,O001920,P0162,1,738.46,47.63
4819,O001921,P0177,2,83.82,45.99
4820,O001921,P0254,3,993.26,64.9
4821,O001922,P0434,4,990.01,0.92
4822,O001923,P0035,5,860.89,22.33
4823,O001923,P0031,4,185.7,48.49
4824,O001924,P0321,1,306.2,74.55
4825,O001924,P0353,3,248.63,20.66
4826,O001924,P0126,5,307.65,97.16
4827,O001924,P0394,3,327.81,5.36
4828,O001925,P0448,3,343.87,47.05
4829,O001926,P0279,4,17.48,63.98
4830,O001926,P0347,2,741.6,90.8
4831,O001927,P0341,1,530.08,67.17
4832,O001927,P0353,2,516.14,63.19
4833,O001927,P0491,5,738.48,48.14
4834,O001927,P0111,2,636.27,2.46
4835,O001928,P0388,3,449.46,87.03
4836,O001928,P0050,2,575.09,86.78
4837,O001928,P0080,1,187.06,57.19
4838,O001929,P0365,1,963.38,93.32
4839,O001929,P0386,2,700.23,86.7
4840,O001929,P0124,4,688.35,25.07
4841,O001930,P0175,5,374.38,6.44
4842,O001931,P0272,3,888.94,91.63
4843,O001931,P0002,1,60.65,23.22
4844,O001932,P0464,-2,915.71,50.51
4845,O001932,P0168,4,671.06,87.11
4846,O001932,P0229,1,583.78,75.5
4847,O001932,P0052,4,432.37,79.32
4848,O001933,P0076,2,781.67,79.38
4849,O001933,P0089,1,851.93,40.78
4850,O001933,P0150,5,960.81,21.03
4851,O001933,P0351,4,683.28,82.4
4852,O001934,P0088,-2,852.53,54.44
4853,O001934,P0406,2,654.56,28.95
4854,O001935,P0040,2,402.66,24.41
4855,O001935,P0022,5,112.1,15.77
4856,O001935,P0078,4,519.01,1.43
4857,O001935,P0208,2,318.48,4.91
4858,O001936,P0042,4,635.37,43.31
4859,O001936,P0334,2,710.29,85.84
4860,O001936,P0049,1,70.45,95.07
4861,O001937,P0394,4,381.59,17.89
4862,O001938,P0429,5,324.97,7.24
4863,O001938,P0170,1,459.18,91.38
4864,O001939,P0295,2,358.48,76.38
4865,O001939,P0262,1,319.08,42.7
4866,O001939,P0397,1,420.43,4.38
4867,O001939,P0200,1,892.1,29.62
4868,O001940,P0314,1,663.52,19.93
4869,O001941,P0069,4,902.51,27.75
4870,O001942,P0252,4,550.23,28.79
4871,O001943,P0076,2,910.09,43.06
4872,O001943,P0467,1,686.46,15.29
4873,O001943,P0293,2,203.09,26.61
4874,O001943,P0008,3,466.31,80.03
4875,O001944,P0316,4,520.65,2.4
4876,O001945,P0328,1,930.83,3.04
4877,O001945,P0049,4,260.06,33.98
4878,O001946,P0256,2,766.32,25.47
4879,O001946,P0183,5,262.91,81.04
4880,O001947,P0444,5,556.88,16.58
4881,O001947,P0003,5,822.48,17.99
4882,O001948,P0093,3,57.08,58.65
4883,O001949,P0226,2,874.21,54.75
4884,O001949,P0081,1,422.88,43.01
4885,O001949,P0436,3,334.33,5.7
4886,O001950,P0471,2,604.14,23.17
4887,O001950,P0028,5,254.59,96.42
4888,O001951,P0387,3,176.7,25.06
4889,O001951,P0404,4,973.44,56.12
4890,O001952,P0468,3,932.3,97.29
4891,O001952,P0202,2,361.23,21.05
4892,O001952,P0080,5,844.55,56.21
4893,O001953,P0116,-5,985.49,52.27
4894,O001953,P0148,3,561.06,65.54
4895,O001953,P0024,2,520.19,81.21
4896,O001954,P0140,1,937.98,51.12
4897,O001954,P0172,4,588.71,83.63
4898,O001954,P0467,1,219.29,48.82
4899,O001955,P0248,1,260.6,25.72
4900,O001956,P0037,5,476.95,48.44
4901,O001956,P0006,3,39.27,71.0
4902,O001957,P0456,4,509.08,27.7
4903,O001957,P0346,5,934.1,75.43
4904,O001957,P0143,4,602.89,40.49
4905,O001958,P0202,4,384.66,5.81
4906,O001959,P0076,4,16.61,10.56
4907,O001959,P0265,1,598.27,50.11
4908,O001959,P0440,2,141.43,53.35
4909,O001960,P0298,1,254.6,36.5
4910,O001960,P0203,-4,611.62,70.86
4911,O001960,P0192,4,141.07,91.8
4912,O001961,P0287,5,935.97,21.7
4913,O001961,P0205,1,475.18,6.95
4914,O001961,P0428,3,651.05,6.71
4915,O001961,P0198,3,887.54,15.67
4916,O001962,P0108,5,956.76,76.29
4917,O001962,P0188,3,144.29,69.82
4918,O001963,P0276,1,981.87,18.82
4919,O001963,P0429,5,473.31,23.67
4920,O001963,P0131,1,623.21,60.24
4921,O001963,P0169,3,279.61,48.94
4922,O001964,P0390,4,592.58,61.6
4923,O001964,P0235,5,538.67,60.32
4924,O001964,P0200,3,976.9,33.64
4925,O001964,P0120,4,613.5,9.41
4926,O001965,P0129,2,31.02,47.01
4927,O001966,P0374,5,584.75,92.25
4928,O001966,P0011,5,300.4,10.95
4929,O001966,P0161,4,435.02,63.91
4930,O001966,P0439,2,716.28,16.15
4931,O001967,P0260,5,461.75,45.39
4932,O001968,P0296,4,592.31,38.72
4933,O001969,P0127,2,315.12,7.01
4934,O001969,P0440,1,338.5,99.67
4935,O001969,P0468,4,119.27,14.54
4936,O001969,P0356,3,168.21,83.19
4937,O001970,P0086,5,851.0,75.81
4938,O001970,P0274,5,513.8,91.18
4939,O001971,P0345,3,586.67,62.45
4940,O001971,P0272,-4,299.28,71.9
4941,O001972,P0449,5,374.23,46.52
4942,O001972,P0407,2,285.32,45.57
4943,O001972,P0272,4,327.66,56.55
4944,O001973,P0064,1,440.86,62.23
4945,O001973,P0364,3,922.75,9.55
4946,O001973,P0031,-3,748.88,27.17
4947,O001973,P0024,4,157.51,77.42
4948,O001974,P0160,1,969.3,4.04
4949,O001975,P0269,2,743.18,17.65
4950,O001975,P0460,5,336.89,79.2
4951,O001975,P0106,2,745.21,25.86
4952,O001975,P0295,5,824.6,59.92
4953,O001976,P0329,1,920.5,48.04
4954,O001976,P0209,2,634.76,87.7
4955,O001976,P0482,3,372.56,90.13
4956,O001977,P0482,5,670.33,72.7
4957,O001977,P0467,4,69.24,70.09
4958,O001977,P0382,2,698.9,35.46
4959,O001977,P0221,5,696.27,49.56
4960,O001978,P0366,5,407.29,76.79
4961,O001979,P0115,4,703.63,25.72
4962,O001980,P0407,3,68.28,29.35
4963,O001980,P0210,2,685.26,84.67
4964,O001981,P0398,3,999.66,43.78
4965,O001981,P0295,2,992.95,73.5
4966,O001981,P0221,4,220.86,95.75
4967,O001981,P0408,1,763.46,17.84
4968,O001982,P0312,2,917.61,68.76
4969,O001982,P0323,2,109.68,90.84
4970,O001982,P0070,4,933.59,16.8
4971,O001982,P0378,4,354.26,24.66
4972,O001983,P0119,4,578.81,31.86
4973,O001984,P0248,4,134.85,41.85
4974,O001984,P0240,3,988.94,51.24
4975,O001984,P0224,1,624.15,39.08
4976,O001985,P0360,3,357.41,66.31
4977,O001986,P0122,4,264.79,70.16
4978,O001986,P0443,4,143.72,79.3
4979,O001987,P0223,4,411.89,32.3
4980,O001988,P0326,3,186.97,15.68
4981,O001989,P0143,4,229.04,22.37
4982,O001990,P0468,5,82.55,55.01
4983,O001990,P0456,1,77.1,97.6
4984,O001991,P0096,3,124.59,37.82
4985,O001992,P0468,5,656.98,38.48
4986,O001992,P0191,3,142.05,11.02
4987,O001992,P0006,1,992.97,34.78
4988,O001992,P0005,3,370.53,95.69
4989,O001993,P0273,1,497.78,79.78
4990,O001993,P0396,3,199.04,92.84
4991,O001993,P0436,5,967.64,54.62
4992,O001994,P0163,2,565.7,59.67
4993,O001994,P0221,4,34.71,38.29
4994,O001994,P0178,2,72.28,8.74
4995,O001994,P0229,5,697.84,36.32
4996,O001995,P0129,4,592.08,21.79
4997,O001995,P0102,2,274.45,86.83
4998,O001996,P0343,5,75.48,99.36
4999,O001996,P0058,4,205.39,26.88
5000,O001996,P0350,1,382.94,31.98
5001,O001997,P0416,3,149.73,84.69
5002,O001997,P0397,3,455.16,74.15
5003,O001997,P0002,5,116.14,52.8
5004,O001997,P0369,1,448.3,61.54
5005,O001998,P0285,1,605.08,96.74
5006,O001998,P0394,3,793.02,30.2
5007,O001998,P0458,1,407.83,11.0
5008,O001999,P0267,1,853.16,32.36
5009,O001999,P0312,5,873.9,32.97
5010,O002000,P0009,5,200.66,28.26
